"","Species 1","Species 2","Species with highest g","High g i-value","High g e-value","High g s-value","Low g s-value","Low g i-value","Low g e-value","Does the species with the highest g have the highest s?","Does the species with the highest g have the highest i?","Does the species with the highest g have the highest e?","g for high g species divded by g for low g species","s for high g species divded by s for low g species","i for high g species divded by i for low g species","e for high g species divded by e for low g species","Number of species with high g and high s","Number of species with high g and high i","Number of species with high g and high e","Average g for g high divided by g for g low","Average s for g high divided by s for g low","Average i for g high divided by i for g low","Average e for g high divided by e for g low","Standard Error for average g","Standard Error for average s","Standard Error for average i","Standard Error for average e","e for Species with highest g","s for Species with highest g","i for Species with highest g","e for Species with lowest g","s for Species with lowest g","i for Species with lowest g","Change in g due to high i divided by low g","Change in g due to high s divided low g","Change in g due to high e divided by low g","Change in g due to high ie divided by low g","High ies","Low ies","High ies divided by Low ies","Change in g due to high i/low g","Change in g due to high s/low g","Change in g due to high e/low g","Change in g due to high ie/low g"
"1","Agathis_australis","Araucaria_araucana","Agathis_australis","737.36","0.144","1287.455784","737.36","0.144","1287.455784","0","1","1","1.40722568535263","0.436070570291094","2.17333332387531","1.24115564314235","52","84","30","3.10745657660719","1.44775148055868","1.63427393488831","0.914167745263674","0.367558603579281","0.128706165507532","0.0685768079821244","0.0368126897495418","1287.455784","737.36","0.144","1037.304057","1690.918971","0.066257669","2.35347489522821","0.795211225296595","0.93229047823097","1.97894580754018","1.4553238704186","1.133807805664","1.28357192740114","2.07572648862646","0.701363336293922","0.822265002563626","1.74539793927528"
"2","Agathis_australis","Cycas_revoluta","Agathis_australis","737.36","0.144","1287.455784","737.36","0.144","1287.455784","0","1","1","1.58354981494304","0.526196163926062","3.06382978723404","1.51375480732878",NA,NA,NA,NA,NA,NA,NA,NA,NA,NA,NA,"1287.455784","737.36","0.144","850.5048359","1401.3025","0.047","2.60699978842587","0.67904119241507","0.611986090050322","1.85914046634828","1.4553238704186","0.902768794635492","1.6120670974302","2.88778234683942","0.752176190016896","0.677899029836783","2.05937608543386"
"3","Agathis_australis","Dioon_merolae","Agathis_australis","737.36","0.144","1287.455784","737.36","0.144","1287.455784","1","1","1","1.77453603916288","1.20385306122449","2.11764705882353","1.21751363264208",NA,NA,NA,NA,NA,NA,NA,NA,NA,NA,NA,"1287.455784","737.36","0.144","1057.446709","612.5","0.068","1.61329534568306","0.801740952964675","0.609545274146855","1.34643134453477","1.4553238704186","0.736753714752441","1.97531935201386","2.18973493228352","1.08820754739468","0.827339261331951","1.82751890838744"
"4","Agathis_australis","Ginkgo_biloba","Ginkgo_biloba","1222.125","0.124","1675.960974","1222.125","0.124","1675.960974","1","0","1","1.96564310298579","1.65743327546924","0.861111111111111","1.30176196715118",NA,NA,NA,NA,NA,NA,NA,NA,NA,NA,NA,"1675.960974","1222.125","0.124","1287.455784","737.36","0.144","1.2418872748027","1.77126845528205","1.14121276835152","0.970882467063792","1.20353896033045","1.4553238704186","0.826990462256535","0.853340826771085","1.21709572094944","0.784164124253159","0.667124677055242"
"5","Agathis_australis","Lepidozamia_hopei","Agathis_australis","737.36","0.144","1287.455784","737.36","0.144","1287.455784","0","1","0","1.78842975351997","0.309310871352585","3.1304347826087","0.925078569243936",NA,NA,NA,NA,NA,NA,NA,NA,NA,NA,NA,"1287.455784","737.36","0.144","1391.725878","2383.88","0.046","2.06025939627911","0.412526056860537","0.754901861430363","2.18748811380806","1.4553238704186","0.702658443722417","2.07116826591999","2.93209227710215","0.58709328913082","1.07435108504664","3.11315993332348"
"6","Agathis_australis","Lepidozamia_peroffskyana","Agathis_australis","737.36","0.144","1287.455784","737.36","0.144","1287.455784","0","1","0","1.77277117407515","0.334959615506918","3.1304347826087","0.971100649696114",NA,NA,NA,NA,NA,NA,NA,NA,NA,NA,NA,"1287.455784","737.36","0.144","1325.769666","2201.34","0.046","2.09264262673262","0.432512967996767","0.730005549179297","2.1410070181558","1.4553238704186","0.710472708806722","2.04838813986662","2.94542295684703","0.608767884586582","1.02749273846899","3.01349649552582"
"7","Agathis_australis","Macrozamia_miquelii","Agathis_australis","737.36","0.144","1287.455784","737.36","0.144","1287.455784","0","1","1","1.15009790249067","0.450731087094723","1.77777777777778","1.01691581163259",NA,NA,NA,NA,NA,NA,NA,NA,NA,NA,NA,"1287.455784","737.36","0.144","1266.039695","1635.92","0.081","1.98522826396659","0.808598114613119","1.11976430195099","1.95802087450962","1.4553238704186","1.13676932758888","1.28022795399079","1.74637740110152","0.711312396445618","0.985040917954783","1.72244344300056"
"8","Agathis_australis","Metasequoia_glyptostroboides","Metasequoia_glyptostroboides","2308.218656","0.135582822","571.5825887","2308.218656","0.135582822","571.5825887","1","0","0","2.77620732301485","3.13038225018987","0.941547375","0.443962888515012",NA,NA,NA,NA,NA,NA,NA,NA,NA,NA,NA,"571.5825887","2308.218656","0.135582822","1287.455784","737.36","0.144","1.36502528710407","2.16884327407698","2.95301035562306","2.78692999278299","3.6296024003451","1.4553238704186","2.49401694984987","0.937952929138342","1.49028221014004","2.02910871981622","1.91498954248677"
"9","Agathis_australis","Nageia_nagi","Agathis_australis","737.36","0.144","1287.455784","737.36","0.144","1287.455784","1","1","1","1.03928011730448","1.67698699106021","1.54838709677419","1.43863538765038",NA,NA,NA,NA,NA,NA,NA,NA,NA,NA,NA,"1287.455784","737.36","0.144","894.9145802","439.6933333","0.093","1.63720936737712","1.29009614644847","0.725573832001023","1.16515021354996","1.4553238704186","1.02857165977714","1.41489788930595","1.59173097159983","1.25425986044375","0.70541884476793","1.13278467520913"
"10","Agathis_australis","Pinus_roxburghii","Agathis_australis","737.36","0.144","1287.455784","737.36","0.144","1287.455784","0","1","0","9.55535410609589","0.718572236881665","1.88765812413974","0.757036564156105",NA,NA,NA,NA,NA,NA,NA,NA,NA,NA,NA,"1287.455784","737.36","0.144","1700.652049","1026.145963","0.076285","1.2936092749488","0.57247697535878","0.866961065858489","1.6596954353802","1.4553238704186","0.666319296653706","2.18412385432527","1.94142550192585","0.859163134301816","1.30111955366206","2.49084101828551"
"11","Agathis_australis","Podocarpus_macrophyllus","Agathis_australis","737.36","0.144","1287.455784","737.36","0.144","1287.455784","1","1","1","1.1258735130855","1.19113466011889","1.09090909090909","1.31469808502122",NA,NA,NA,NA,NA,NA,NA,NA,NA,NA,NA,"1287.455784","737.36","0.144","979.2786638","619.04","0.132","1.737256892276","1.70144010799465","1.23152703002694","1.35253040264859","1.4553238704186","1.58509695024787","0.918129247672214","1.0959940917206","1.07339813361484","0.776941139047902","0.853279291488816"
"12","Agathis_australis","Sequoia_sempervirens","Sequoia_sempervirens","3295.472578","0.090797546","821.8244381","3295.472578","0.090797546","821.8244381","1","0","0","1.71328155326204","4.46928580069437","0.630538513888889","0.63833216512234",NA,NA,NA,NA,NA,NA,NA,NA,NA,NA,NA,"821.8244381","3295.472578","0.090797546","1287.455784","737.36","0.144","0.895936084013128","2.35780730609021","2.17175113641058","1.36181450593104","2.23993748104792","1.4553238704186","1.5391333342204","0.615626598466655","1.62012549509823","1.49228029619683","0.935746697770673"
"13","Agathis_australis","Taxodium_distichum","Taxodium_distichum","839.5619768","0.150920245","809.012658","839.5619768","0.150920245","809.012658","1","1","0","1.4501382078153","1.13860526310079","1.04805725694444","0.628380926206628",NA,NA,NA,NA,NA,NA,NA,NA,NA,NA,NA,"809.012658","839.5619768","0.150920245","1287.455784","737.36","0.144","1.53008356465962","1.53422214461981","2.20157147078733","2.30880633383944","2.41691776413732","1.4553238704186","1.66074219853354","1.05136979868235","1.05421355054014","1.51277081035858","1.58645534562376"
"14","Agathis_australis","Zamia_integrifolia","Agathis_australis","737.36","0.144","1287.455784","737.36","0.144","1287.455784","0","1","1","1.31524903254081","0.797577068685776","2.14925373134328","1.3973018319762",NA,NA,NA,NA,NA,NA,NA,NA,NA,NA,NA,"1287.455784","737.36","0.144","921.3870293","924.5","0.067","2.13586557047036","0.899983751737482","0.725251850434657","1.59401875971841","1.4553238704186","0.994029257123028","1.46406542864812","2.14869487509059","0.905389600244024","0.729608153117867","1.60359340361058"
"15","Araucaria_araucana","Cycas_revoluta","Araucaria_araucana","1690.918971","0.066257669","1037.304057","1690.918971","0.066257669","1037.304057","1","1","1","1.12529911259133","1.20667662478301","1.40973763829787","1.21963334388608",NA,NA,NA,NA,NA,NA,NA,NA,NA,NA,NA,"1037.304057","1690.918971","0.066257669","850.5048359","1401.3025","0.047","1.25744810657823","0.976513945376046","0.750351528636335","1.05081295677762","1.133807805664","0.902768794635492","1.25592268186651","1.39287945490622","1.08168774904357","0.831166886909623","1.1639890113857"
"16","Araucaria_araucana","Dioon_merolae","Araucaria_araucana","1690.918971","0.066257669","1037.304057","1690.918971","0.066257669","1037.304057","1","0","0","1.26101737456434","2.76068403428571","0.974377485294118","0.980951615028384",NA,NA,NA,NA,NA,NA,NA,NA,NA,NA,NA,"1037.304057","1690.918971","0.066257669","1057.446709","612.5","0.068","0.717334842565218","1.142569314159","0.750469307258297","0.730704080673275","1.133807805664","0.736753714752441","1.53892377189435","0.973642654528389","1.55081581711865","1.01861625157936","0.991788797317163"
"17","Araucaria_araucana","Ginkgo_biloba","Ginkgo_biloba","1222.125","0.124","1675.960974","1222.125","0.124","1675.960974","0","1","1","2.76610346275785","0.722757873653308","1.87148147333707","1.61568921155776",NA,NA,NA,NA,NA,NA,NA,NA,NA,NA,NA,"1675.960974","1222.125","0.124","1037.304057","1690.918971","0.066257669","2.05029212816435","0.992435269004327","0.730614359324324","1.36662735990975","1.20353896033045","1.133807805664","1.06150174158098","1.80832423089874","0.875311727478467","0.64438995363632","1.20534305116148"
"18","Araucaria_araucana","Lepidozamia_hopei","Araucaria_araucana","1690.918971","0.066257669","1037.304057","1690.918971","0.066257669","1037.304057","0","1","0","1.27089049904018","0.709313795576959","1.44038410869565","0.745336472790657",NA,NA,NA,NA,NA,NA,NA,NA,NA,NA,NA,"1037.304057","1690.918971","0.066257669","1391.725878","2383.88","0.046","0.998141011897609","0.605205897797168","0.918789902825775","1.29136436203073","1.133807805664","0.702658443722417","1.61359735415335","1.42052091000264","0.861308795481083","1.30759106509612","1.83782657643673"
"19","Araucaria_araucana","Lepidozamia_peroffskyana","Araucaria_araucana","1690.918971","0.066257669","1037.304057","1690.918971","0.066257669","1037.304057","0","1","0","1.25976322954262","0.76813167025539","1.44038410869565","0.782416496320712",NA,NA,NA,NA,NA,NA,NA,NA,NA,NA,NA,"1037.304057","1690.918971","0.066257669","1325.769666","2201.34","0.046","1.01023648623622","0.633570154958792","0.889708566324954","1.25440586848454","1.133807805664","0.710472708806722","1.59584990613967","1.42192159348805","0.891758609592348","1.25227690704583","1.76559331968062"
"20","Araucaria_araucana","Macrozamia_miquelii","Macrozamia_miquelii","1635.92","0.081","1266.039695","1635.92","0.081","1266.039695","0","1","1","1.22357034327697","0.967473916879959","1.22249999467986","1.22050973044637",NA,NA,NA,NA,NA,NA,NA,NA,NA,NA,NA,"1266.039695","1635.92","0.081","1037.304057","1690.918971","0.066257669","1.37382959962226","1.11898974116799","0.946695702209895","1.15176112238947","1.13676932758888","1.133807805664","1.00261201405572","1.21169530916899","0.986930708695079","0.834970175263058","1.01583453265693"
"21","Araucaria_araucana","Metasequoia_glyptostroboides","Metasequoia_glyptostroboides","2308.218656","0.135582822","571.5825887","2308.218656","0.135582822","571.5825887","1","1","0","3.90675025281057","1.36506757306941","2.04629628609482","0.551027044426184",NA,NA,NA,NA,NA,NA,NA,NA,NA,NA,NA,"571.5825887","2308.218656","0.135582822","1037.304057","1690.918971","0.066257669","2.2267356925985","1.27638602472922","1.89734502360957","3.46602473232251","3.6296024003451","1.133807805664","3.2012501432899","1.96394457815047","1.12575166474685","1.67342737819521","3.05697730691903"
"22","Araucaria_araucana","Nageia_nagi","Nageia_nagi","439.6933333","0.093","894.9145802","439.6933333","0.093","894.9145802","0","1","0","1.35403887933743","0.2600321723518","1.4036111050028","0.862731206111537",NA,NA,NA,NA,NA,NA,NA,NA,NA,NA,NA,"894.9145802","439.6933333","0.093","1037.304057","1690.918971","0.066257669","1.56609323053345","0.626208618159627","1.2928797828604","1.77483269705042","1.02857165977714","1.133807805664","0.907183435004463","1.38126869713715","0.55230579206755","1.14029889051896","1.56537350350222"
"23","Araucaria_araucana","Pinus_roxburghii","Araucaria_araucana","1690.918971","0.066257669","1037.304057","1690.918971","0.066257669","1037.304057","1","0","0","6.79020728910406","1.64783474473407","0.868554355377859","0.609944907666412",NA,NA,NA,NA,NA,NA,NA,NA,NA,NA,NA,"1037.304057","1690.918971","0.066257669","1700.652049","1026.145963","0.076285","0.576370782566759","0.829824075588362","1.06024312371824","0.920779384005976","1.133807805664","0.666319296653706","1.70159833484945","0.86500689003204","1.24538502750226","1.59119378508599","1.38188911626931"
"24","Araucaria_araucana","Podocarpus_macrophyllus","Podocarpus_macrophyllus","619.04","0.132","979.2786638","619.04","0.132","979.2786638","0","1","0","1.24989678591521","0.366096785604045","1.99222221355237","0.944061345553958",NA,NA,NA,NA,NA,NA,NA,NA,NA,NA,NA,"979.2786638","619.04","0.132","1037.304057","1690.918971","0.066257669","2.17241180568166","0.734279493039187","1.19365656090242","2.27436319839009","1.58509695024787","1.133807805664","1.3980296681055","1.91603179553824","0.647622541819744","1.05278562639932","2.0059512617821"
"25","Araucaria_araucana","Sequoia_sempervirens","Sequoia_sempervirens","3295.472578","0.090797546","821.8244381","3295.472578","0.090797546","821.8244381","1","1","0","2.4109738079912","1.94892400790268","1.37037036422154","0.792269568940864",NA,NA,NA,NA,NA,NA,NA,NA,NA,NA,NA,"821.8244381","3295.472578","0.090797546","1037.304057","1690.918971","0.066257669","1.53101164028442","1.44106314313676","1.39321497395412","1.86401431906183","2.23993748104792","1.133807805664","1.97558834033262","1.3503273064766","1.27099419843279","1.22879289328776","1.64403024017831"
"26","Araucaria_araucana","Taxodium_distichum","Taxodium_distichum","839.5619768","0.150920245","809.012658","839.5619768","0.150920245","809.012658","0","1","0","2.04067173334892","0.496512246416804","2.27777776184671","0.77991853260437",NA,NA,NA,NA,NA,NA,NA,NA,NA,NA,NA,"809.012658","839.5619768","0.150920245","1037.304057","1690.918971","0.066257669","2.45675490193848","0.842923493622464","1.41242873350475","2.96222814627038","2.41691776413732","1.133807805664","2.1316820646881","2.1668177707594","0.743444779098884","1.24573911596735","2.61263693147322"
"27","Araucaria_araucana","Zamia_integrifolia","Zamia_integrifolia","924.5","0.067","921.3870293","924.5","0.067","921.3870293","0","1","0","1.06993097925656","0.546744117166807","1.0112036993031","0.888251639509398",NA,NA,NA,NA,NA,NA,NA,NA,NA,NA,NA,"921.3870293","924.5","0.067","1037.304057","1690.918971","0.066257669","1.14599609063659","0.879701641840744","1.26001386331199","1.27338259701839","0.994029257123028","1.133807805664","0.876717599012194","1.01074986863885","0.775882506229137","1.11131168529403","1.12310269047111"
"28","Cycas_revoluta","Dioon_merolae","Cycas_revoluta","1401.3025","0.047","850.5048359","1401.3025","0.047","850.5048359","1","0","0","1.12060638851877","2.28784081632653","0.691176470588235","0.80430042352139",NA,NA,NA,NA,NA,NA,NA,NA,NA,NA,NA,"850.5048359","1401.3025","0.047","1057.446709","612.5","0.068","0.50463638574304","1.05908108049838","0.907069030470348","0.623211345395459","0.902768794635492","0.736753714752441","1.22533321048654","0.684945831474505","1.43749676356127","1.23116994500005","0.845888297427678"
"29","Cycas_revoluta","Ginkgo_biloba","Ginkgo_biloba","1222.125","0.124","1675.960974","1222.125","0.124","1675.960974","0","1","1","3.1126937719772","0.872135031515322","2.63829787234043","1.97054843577286",NA,NA,NA,NA,NA,NA,NA,NA,NA,NA,NA,"1675.960974","1222.125","0.124","850.5048359","1401.3025","0.047","2.27183180259226","0.851259092283529","0.475739562945467","1.27130966942032","1.20353896033045","0.902768794635492","1.33316411409235","2.51651565283617","0.942942531179579","0.526978298067507","1.40823395422482"
"30","Cycas_revoluta","Lepidozamia_hopei","Cycas_revoluta","1401.3025","0.047","850.5048359","1401.3025","0.047","850.5048359","0","1","0","1.12938016641068","0.58782426128832","1.02173913043478","0.611115198290507",NA,NA,NA,NA,NA,NA,NA,NA,NA,NA,NA,"850.5048359","1401.3025","0.047","1391.725878","2383.88","0.046","0.717438408954478","0.556216579408627","1.09656098403032","1.11853709220246","0.902768794635492","0.702658443722417","1.28479035967029","1.02103435227187","0.791588835767778","1.56058892314899","1.59186458541204"
"31","Cycas_revoluta","Lepidozamia_peroffskyana","Cycas_revoluta","1401.3025","0.047","850.5048359","1401.3025","0.047","850.5048359","0","1","0","1.11949188926458","0.636567954064343","1.02173913043478","0.641517797330566",NA,NA,NA,NA,NA,NA,NA,NA,NA,NA,NA,"850.5048359","1401.3025","0.047","1325.769666","2201.34","0.046","0.725452787023409","0.582546117709237","1.06343670237964","1.08494902061194","0.902768794635492","0.710472708806722","1.27065935601065","1.02108466381748","0.819941583242029","1.49680162122728","1.52708050170453"
"32","Cycas_revoluta","Macrozamia_miquelii","Macrozamia_miquelii","1635.92","0.081","1266.039695","1635.92","0.081","1266.039695","1","1","1","1.37688262148264","1.16742816058631","1.72340425531915","1.48857436378981",NA,NA,NA,NA,NA,NA,NA,NA,NA,NA,NA,"1266.039695","1635.92","0.081","850.5048359","1401.3025","0.047","1.52328537829306","0.963299409110966","0.621802483619844","1.0677577564633","1.13676932758888","0.902768794635492","1.25920316956444","1.68734828601172","1.06704996321889","0.688772681681921","1.18275882242299"
"33","Cycas_revoluta","Metasequoia_glyptostroboides","Metasequoia_glyptostroboides","2308.218656","0.135582822","571.5825887","2308.218656","0.135582822","571.5825887","1","1","0","4.39626259260368","1.64719513167214","2.88474089361702","0.672050956765171",NA,NA,NA,NA,NA,NA,NA,NA,NA,NA,NA,"571.5825887","2308.218656","0.135582822","850.5048359","1401.3025","0.047","2.46691405569238","1.10490236373087","1.29578497421552","3.33638428070924","3.6296024003451","0.902768794635492","4.0205226652862","2.7326089142109","1.22390402758326","1.43534533084821","3.69572397776151"
"34","Cycas_revoluta","Nageia_nagi","Nageia_nagi","439.6933333","0.093","894.9145802","439.6933333","0.093","894.9145802","0","1","1","1.52369874933257","0.313774744068465","1.97872340425532","1.05221574578469",NA,NA,NA,NA,NA,NA,NA,NA,NA,NA,NA,"894.9145802","439.6933333","0.093","850.5048359","1401.3025","0.047","1.7361376266067","0.533187904766656","0.861180894405492","1.66190158349127","1.02857165977714","0.902768794635492","1.13935225263568","1.9231254302578","0.590614017603411","0.953932944429263","1.84089391809593"
"35","Cycas_revoluta","Pinus_roxburghii","Cycas_revoluta","1401.3025","0.047","850.5048359","1401.3025","0.047","850.5048359","1","0","0","6.03413546951764","1.36559763476846","0.616110637740054","0.500105142848065",NA,NA,NA,NA,NA,NA,NA,NA,NA,NA,NA,"850.5048359","1401.3025","0.047","1700.652049","1026.145963","0.076285","0.405667609239944","0.765371034344434","1.27200765832594","0.78839150362646","0.902768794635492","0.666319296653706","1.354859148113","0.608818641869191","1.14865506400336","1.90900618474362","1.18320376970291"
"36","Cycas_revoluta","Podocarpus_macrophyllus","Podocarpus_macrophyllus","619.04","0.132","979.2786638","619.04","0.132","979.2786638","0","1","1","1.40650774402114","0.4417604335966","2.80851063829787","1.15140869571157",NA,NA,NA,NA,NA,NA,NA,NA,NA,NA,NA,"979.2786638","619.04","0.132","850.5048359","1401.3025","0.047","2.40685882908439","0.626300329175383","0.791881421778343","2.14692455178471","1.58509695024787","0.902768794635492","1.755817170096","2.66608553971584","0.693754960181429","0.87716968783583","2.37815547518074"
"37","Cycas_revoluta","Sequoia_sempervirens","Sequoia_sempervirens","3295.472578","0.090797546","821.8244381","3295.472578","0.090797546","821.8244381","1","1","0","2.71306668661343","2.35172104381459","1.93186268085106","0.966278383626531",NA,NA,NA,NA,NA,NA,NA,NA,NA,NA,NA,"821.8244381","3295.472578","0.090797546","850.5048359","1401.3025","0.047","1.69730529714841","1.25676035365401","0.931830177518783","1.74791990865252","2.23993748104792","0.902768794635492","2.48118620665475","1.88011072960683","1.39211762870188","1.03219139059301","1.93617670331447"
"38","Cycas_revoluta","Taxodium_distichum","Taxodium_distichum","839.5619768","0.150920245","809.012658","839.5619768","0.150920245","809.012658","0","1","0","2.29636609062774","0.599129721669661","3.21106904255319","0.951214647878994",NA,NA,NA,NA,NA,NA,NA,NA,NA,NA,NA,"809.012658","839.5619768","0.150920245","850.5048359","1401.3025","0.047","2.72113018677613","0.720479211557428","0.945425558476103","2.82783738594906","2.41691776413732","0.902768794635492","2.67722785556981","3.01420496914144","0.798077221807753","1.04725103935148","3.1324048889958"
"39","Cycas_revoluta","Zamia_integrifolia","Zamia_integrifolia","924.5","0.067","921.3870293","924.5","0.067","921.3870293","0","1","1","1.20399238149137","0.659743345922811","1.42553191489362","1.08334131730714",NA,NA,NA,NA,NA,NA,NA,NA,NA,NA,NA,"921.3870293","924.5","0.067","850.5048359","1401.3025","0.047","1.2709503155907","0.752512273755756","0.838164588943274","1.18280325653687","0.994029257123028","0.902768794635492","1.10108951819096","1.40783589679113","0.833560351473597","0.928437706225431","1.31019510595118"
"40","Dioon_merolae","Ginkgo_biloba","Ginkgo_biloba","1222.125","0.124","1675.960974","1222.125","0.124","1675.960974","1","1","1","3.48810452638024","1.99530612244898","1.82352941176471","1.58491294146153",NA,NA,NA,NA,NA,NA,NA,NA,NA,NA,NA,"1675.960974","1222.125","0.124","1057.446709","612.5","0.068","1.3768919525086","1.00033309019397","0.471916164229295","0.893743527870683","1.20353896033045","0.736753714752441","1.63357026402622","1.86886326453237","1.35775778277561","0.64053448904274","1.21308316466513"
"41","Dioon_merolae","Lepidozamia_hopei","Dioon_merolae","612.5","0.068","1057.446709","612.5","0.068","1057.446709","0","1","0","1.00782949123064","0.256934073862778","1.47826086956522","0.759809618916923",NA,NA,NA,NA,NA,NA,NA,NA,NA,NA,NA,"1057.446709","612.5","0.068","1391.725878","2383.88","0.046","1.02317485737572","0.377572578259013","0.903004351450497","1.30093365912907","0.736753714752441","0.702658443722417","1.048523249574","1.4561482417479","0.537348667239771","1.28512559625232","1.85144528006696"
"42","Dioon_merolae","Lepidozamia_peroffskyana","Lepidozamia_peroffskyana","2201.34","0.046","1325.769666","2201.34","0.046","1325.769666","1","0","1","1.00099554026686","3.59402448979592","0.676470588235294","1.25374607979417",NA,NA,NA,NA,NA,NA,NA,NA,NA,NA,NA,"1325.769666","2201.34","0.046","1057.446709","612.5","0.068","0.493687519140466","1.26380293193257","0.592504228697762","0.395947254015765","0.710472708806722","0.736753714752441","0.964328641417778","0.670084872671938","1.71536689483436","0.804209353592268","0.537421455891552"
"43","Dioon_merolae","Macrozamia_miquelii","Macrozamia_miquelii","1635.92","0.081","1266.039695","1635.92","0.081","1266.039695","1","1","1","1.54294346187391","2.67088979591837","1.19117647058824","1.19726099123923",NA,NA,NA,NA,NA,NA,NA,NA,NA,NA,NA,"1266.039695","1635.92","0.081","1057.446709","612.5","0.068","0.882573632268023","1.12766622844676","0.61950467876811","0.743107585332829","1.13676932758888","0.736753714752441","1.54294346241722","1.19792220194584","1.53058777426819","0.840857217769539","1.00862414461327"
"44","Dioon_merolae","Metasequoia_glyptostroboides","Metasequoia_glyptostroboides","2308.218656","0.135582822","571.5825887","2308.218656","0.135582822","571.5825887","1","1","0","4.92647994687777","3.76852025469388","1.99386502941176","0.540530869154183",NA,NA,NA,NA,NA,NA,NA,NA,NA,NA,NA,"571.5825887","2308.218656","0.135582822","1057.446709","612.5","0.068","1.51328863426274","1.28588692222424","1.31760523265104","2.61453914264617","3.6296024003451","0.736753714752441","4.92647994528904","2.05399525507819","1.74534162024051","1.78839306306555","3.54872882252747"
"45","Dioon_merolae","Nageia_nagi","Nageia_nagi","439.6933333","0.093","894.9145802","439.6933333","0.093","894.9145802","0","1","0","1.70746655268014","0.717866666612245","1.36764705882353","0.846297569970498",NA,NA,NA,NA,NA,NA,NA,NA,NA,NA,NA,"894.9145802","439.6933333","0.093","1057.446709","612.5","0.068","1.01865023621862","0.631453110955095","0.864197002987154","1.19152307545744","1.02857165977714","0.736753714752441","1.39608615359714","1.38261974907165","0.857074892614924","1.17297949868843","1.61726103526714"
"46","Dioon_merolae","Pinus_roxburghii","Dioon_merolae","612.5","0.068","1057.446709","612.5","0.068","1057.446709","0","0","0","5.38470557667767","0.596893640948817","0.891394114177099","0.621788983597079",NA,NA,NA,NA,NA,NA,NA,NA,NA,NA,NA,"1057.446709","612.5","0.068","1700.652049","1026.145963","0.076285","0.591947293800826","0.524832815770771","1.04154563017935","0.928199498938488","0.736753714752441","0.666319296653706","1.10570670615793","0.888383837558989","0.787659637663972","1.56313292352488","1.39302509112367"
"47","Dioon_merolae","Podocarpus_macrophyllus","Podocarpus_macrophyllus","619.04","0.132","979.2786638","619.04","0.132","979.2786638","1","1","0","1.57614156345121","1.01067755102041","1.94117647058824","0.926078501607025",NA,NA,NA,NA,NA,NA,NA,NA,NA,NA,NA,"979.2786638","619.04","0.132","1057.446709","612.5","0.068","1.47094776233807","0.740356097764015","0.792996317564275","1.57816387268847","1.58509695024787","0.736753714752441","2.15146109006113","1.99652574922181","1.00488953491437","1.07633840411749","2.14205078452676"
"48","Dioon_merolae","Sequoia_sempervirens","Sequoia_sempervirens","3295.472578","0.090797546","821.8244381","3295.472578","0.090797546","821.8244381","1","1","0","3.04027986149646","5.38036339265306","1.33525802941176","0.777178113190383",NA,NA,NA,NA,NA,NA,NA,NA,NA,NA,NA,"821.8244381","3295.472578","0.090797546","1057.446709","612.5","0.068","0.993567979478163","1.45119451072217","0.93709176785634","1.25869699771779","2.23993748104792","0.736753714752441","3.04027986041518","1.3485754595917","1.96971454865319","1.27191997691008","1.70843658133536"
"49","Dioon_merolae","Taxodium_distichum","Taxodium_distichum","839.5619768","0.150920245","809.012658","839.5619768","0.150920245","809.012658","1","1","0","2.57332251153532","1.3707134315102","2.21941536764706","0.765062344148825",NA,NA,NA,NA,NA,NA,NA,NA,NA,NA,NA,"809.012658","839.5619768","0.150920245","1057.446709","612.5","0.068","1.69608320561309","0.849798865777425","0.951155013234873","2.15514534859426","2.41691776413732","0.736753714752441","3.28049620346935","2.30210336459993","1.15343682530731","1.29100809970734","2.92519101762306"
"50","Dioon_merolae","Zamia_integrifolia","Zamia_integrifolia","924.5","0.067","921.3870293","924.5","0.067","921.3870293","1","0","0","1.34920155442716","1.50938775510204","0.985294117647059","0.871331880328354",NA,NA,NA,NA,NA,NA,NA,NA,NA,NA,NA,"921.3870293","924.5","0.067","1057.446709","612.5","0.068","0.725604792010154","0.886837468046918","0.840516242632309","0.827871698391048","0.994029257123028","0.736753714752441","1.34920155435801","0.98486750386317","1.20370953045674","1.14083746820976","1.12367495652088"
"51","Ginkgo_biloba","Lepidozamia_hopei","Ginkgo_biloba","1222.125","0.124","1675.960974","1222.125","0.124","1675.960974","0","1","1","3.51541461018109","0.51266213064416","2.69565217391304","1.20423209806838",NA,NA,NA,NA,NA,NA,NA,NA,NA,NA,NA,"1675.960974","1222.125","0.124","1391.725878","2383.88","0.046","1.79735291565394","0.522534089773803","0.591139423709803","1.5436182054763","1.20353896033045","0.702658443722417","1.71283640164424","2.55793256554671","0.743653042871891","0.841289859946991","2.19682581098549"
"52","Ginkgo_biloba","Lepidozamia_peroffskyana","Ginkgo_biloba","1222.125","0.124","1675.960974","1222.125","0.124","1675.960974","0","1","1","3.48463543149284","0.55517321267955","2.69565217391304","1.2641418920502",NA,NA,NA,NA,NA,NA,NA,NA,NA,NA,NA,"1675.960974","1222.125","0.124","1325.769666","2201.34","0.046","1.82399783705156","0.547423535767221","0.570861781172973","1.50262580177495","1.20353896033045","0.710472708806722","1.6939974546691","2.56730176182989","0.7705060714952","0.803495720661482","2.114966251552"
"53","Ginkgo_biloba","Macrozamia_miquelii","Ginkgo_biloba","1222.125","0.124","1675.960974","1222.125","0.124","1675.960974","0","1","1","2.26068200978921","0.747056702039219","1.53086419753086","1.32378232737797",NA,NA,NA,NA,NA,NA,NA,NA,NA,NA,NA,"1675.960974","1222.125","0.124","1266.039695","1635.92","0.081","1.71914170496053","1.00862267792391","0.880754168955357","1.34970430182896","1.20353896033045","1.13676932758888","1.05873630746458","1.51230479503426","0.887271193411971","0.774787063285269","1.1873159040029"
"54","Ginkgo_biloba","Metasequoia_glyptostroboides","Metasequoia_glyptostroboides","2308.218656","0.135582822","571.5825887","2308.218656","0.135582822","571.5825887","1","1","0","1.41236591668031","1.88869277365245","1.09340985483871","0.341047672092155",NA,NA,NA,NA,NA,NA,NA,NA,NA,NA,NA,"571.5825887","2308.218656","0.135582822","1675.960974","1222.125","0.124","1.3202462293318","1.52704737574837","2.98866206686049","3.23051206316601","3.6296024003451","1.20353896033045","3.01577474429955","1.09697007977981","1.26879762606862","2.48322835019808","2.68417738822434"
"55","Ginkgo_biloba","Nageia_nagi","Ginkgo_biloba","1222.125","0.124","1675.960974","1222.125","0.124","1675.960974","1","1","1","2.0428537946498","2.77949404151223","1.33333333333333","1.87276083224105",NA,NA,NA,NA,NA,NA,NA,NA,NA,NA,NA,"1675.960974","1222.125","0.124","894.9145802","439.6933333","0.093","1.39451077457037","1.57996806343411","0.561784302390121","0.767898651669848","1.20353896033045","1.02857165977714","1.17010705952293","1.35577405941023","1.53607971638693","0.546179060107335","0.746567965751873"
"56","Ginkgo_biloba","Pinus_roxburghii","Ginkgo_biloba","1222.125","0.124","1675.960974","1222.125","0.124","1675.960974","1","1","0","18.7824158952343","1.19098553623604","1.62548338467589","0.985481406961219",NA,NA,NA,NA,NA,NA,NA,NA,NA,NA,NA,"1675.960974","1222.125","0.124","1700.652049","1026.145963","0.076285","1.104648134906","0.720636768043971","0.675663359136871","1.11962437727928","1.20353896033045","0.666319296653706","1.80624959591398","1.65783602614183","1.08151868280425","1.01402340068807","1.68031210097336"
"57","Ginkgo_biloba","Podocarpus_macrophyllus","Ginkgo_biloba","1222.125","0.124","1675.960974","1222.125","0.124","1675.960974","1","0","1","2.21306550583089","1.9742262212458","0.939393939393939","1.71142396536711",NA,NA,NA,NA,NA,NA,NA,NA,NA,NA,NA,"1675.960974","1222.125","0.124","979.2786638","619.04","0.132","1.48443897566065","2.05186258589452","0.961229050106431","0.898030707045634","1.20353896033045","1.58509695024787","0.759284130943689","0.936497275720909","1.29447134799777","0.606416566479494","0.566546233594862"
"58","Ginkgo_biloba","Sequoia_sempervirens","Ginkgo_biloba","1222.125","0.124","1675.960974","1222.125","0.124","1675.960974","0","1","1","1.1472971848925","0.370849694868861","1.36567567586023","2.03931751880572",NA,NA,NA,NA,NA,NA,NA,NA,NA,NA,NA,"1675.960974","1222.125","0.124","821.8244381","3295.472578","0.090797546","2.8364060953081","1.66329590101436","1.28574703170729","1.7056046544126","1.20353896033045","2.23993748104792","0.537309175150456","1.26628806353164","0.742563538084206","0.574010231350642","0.761451901601586"
"59","Ginkgo_biloba","Taxodium_distichum","Ginkgo_biloba","1222.125","0.124","1675.960974","1222.125","0.124","1675.960974","1","0","1","1.35548673387975","1.45566978230499","0.821626018431126","2.07161279545765",NA,NA,NA,NA,NA,NA,NA,NA,NA,NA,NA,"1675.960974","1222.125","0.124","809.012658","839.5619768","0.150920245","1.98781176253387","2.72282141101198","1.26890392009046","1.02763396979192","1.20353896033045","2.41691776413732","0.49796438182084","0.822457342996686","1.12656766871166","0.525009141361239","0.425183671964411"
"60","Ginkgo_biloba","Zamia_integrifolia","Ginkgo_biloba","1222.125","0.124","1675.960974","1222.125","0.124","1675.960974","1","1","1","2.58531018952258","1.32193077339102","1.85074626865672","1.81895438149728",NA,NA,NA,NA,NA,NA,NA,NA,NA,NA,NA,"1675.960974","1222.125","0.124","921.3870293","924.5","0.067","1.83934180103931","1.11868230058854","0.56353691682663","1.07118859179662","1.20353896033045","0.994029257123028","1.21076814561152","1.85039000397517","1.12540178528174","0.566921861492938","1.07762280045651"
"61","Lepidozamia_hopei","Lepidozamia_peroffskyana","Lepidozamia_peroffskyana","2201.34","0.046","1325.769666","2201.34","0.046","1325.769666","0","0","0","1.0088328260713","0.923427353725859","1","0.952608331106997",NA,NA,NA,NA,NA,NA,NA,NA,NA,NA,NA,"1325.769666","2201.34","0.046","1391.725878","2383.88","0.046","0.702658443722417","0.679188229004312","0.734826268718235","0.734826268718235","0.710472708806722","0.702658443722417","1.01112100075665","1","0.9665979752641","1.04578017283249","1.04578017283249"
"62","Lepidozamia_hopei","Macrozamia_miquelii","Macrozamia_miquelii","1635.92","0.081","1266.039695","1635.92","0.081","1266.039695","0","1","0","1.55502392417803","0.686242596103831","1.76086956521739","0.909690417497576",NA,NA,NA,NA,NA,NA,NA,NA,NA,NA,NA,"1266.039695","1635.92","0.081","1391.725878","2383.88","0.046","1.20810322349584","0.596355516908631","0.766608749892914","1.31096645362103","1.13676932758888","0.702658443722417","1.61781209312266","1.71933210835092","0.848713229359866","1.09101193722474","1.86572361768832"
"63","Lepidozamia_hopei","Metasequoia_glyptostroboides","Metasequoia_glyptostroboides","2308.218656","0.135582822","571.5825887","2308.218656","0.135582822","571.5825887","0","1","0","4.96505177841979","0.968261261472893","2.94745265217391","0.410700553704873",NA,NA,NA,NA,NA,NA,NA,NA,NA,NA,NA,"571.5825887","2308.218656","0.135582822","1391.725878","2383.88","0.046","1.95044598314832","0.693096043335614","1.54207084444954","3.64231248437452","3.6296024003451","0.702658443722417","5.16552876119562","2.77580949972735","0.986391111538993","2.19462365851641","5.18361732775733"
"64","Lepidozamia_hopei","Nageia_nagi","Nageia_nagi","439.6933333","0.093","894.9145802","439.6933333","0.093","894.9145802","0","1","0","1.72083514708096","0.184444407142977","2.02173913043478","0.643025034129602",NA,NA,NA,NA,NA,NA,NA,NA,NA,NA,NA,"894.9145802","439.6933333","0.093","1391.725878","2383.88","0.046","1.37595315979717","0.321792534409392","1.04833849266157","1.97593600507346","1.02857165977714","0.702658443722417","1.46382879045495","1.95821052474356","0.457964374134121","1.49196028600734","2.81208604653736"
"65","Lepidozamia_hopei","Pinus_roxburghii","Lepidozamia_hopei","2383.88","0.046","1391.725878","2383.88","0.046","1391.725878","1","0","0","5.34287359472137","2.3231392861797","0.603001900766861","0.818348396909496",NA,NA,NA,NA,NA,NA,NA,NA,NA,NA,NA,"1391.725878","2383.88","0.046","1700.652049","1026.145963","0.076285","0.396875986120352","0.955580313736302","0.80573523442379","0.481947444780196","0.702658443722417","0.666319296653706","1.05453713745228","0.595624332228536","1.43411772484345","1.20923292852276","0.723298045247321"
"66","Lepidozamia_hopei","Podocarpus_macrophyllus","Podocarpus_macrophyllus","619.04","0.132","979.2786638","619.04","0.132","979.2786638","0","1","0","1.5884819500005","0.259677500545329","2.8695652173913","0.703643353393189",NA,NA,NA,NA,NA,NA,NA,NA,NA,NA,NA,"979.2786638","619.04","0.132","1391.725878","2383.88","0.046","1.90333776969725","0.379498798786322","0.967512205793062","2.48839061455163","1.58509695024787","0.702658443722417","2.25585697348292","2.70876666565635","0.540089999880855","1.37693101739097","3.5413943101133"
"67","Lepidozamia_hopei","Sequoia_sempervirens","Sequoia_sempervirens","3295.472578","0.090797546","821.8244381","3295.472578","0.090797546","821.8244381","1","1","0","3.06408370601074","1.38239868533651","1.97385969565217","0.590507406013758",NA,NA,NA,NA,NA,NA,NA,NA,NA,NA,NA,"821.8244381","3295.472578","0.090797546","1391.725878","2383.88","0.046","1.34534843876183","0.802735084541146","1.13013356926102","2.06874000450038","2.23993748104792","0.702658443722417","3.18780411885692","1.91465490919697","1.14242572862081","1.60836830377217","2.94416159512861"
"68","Lepidozamia_hopei","Taxodium_distichum","Taxodium_distichum","839.5619768","0.150920245","809.012658","839.5619768","0.150920245","809.012658","0","1","0","2.593470317573","0.352182986056345","3.28087489130435","0.581301728155406",NA,NA,NA,NA,NA,NA,NA,NA,NA,NA,NA,"809.012658","839.5619768","0.150920245","1391.725878","2383.88","0.046","2.1496520346341","0.438673167588311","1.14580420854054","3.16578983788794","2.41691776413732","0.702658443722417","3.43967653947686","3.05931289069276","0.624304982751488","1.63067023356398","4.50544623233557"
"69","Lepidozamia_hopei","Zamia_integrifolia","Zamia_integrifolia","924.5","0.067","921.3870293","924.5","0.067","921.3870293","0","1","0","1.35976511616592","0.387813144956961","1.45652173913043","0.662046343942453",NA,NA,NA,NA,NA,NA,NA,NA,NA,NA,NA,"921.3870293","924.5","0.067","1391.725878","2383.88","0.046","1.00881409504034","0.459016197290407","1.02155937174753","1.44309432570949","0.994029257123028","0.702658443722417","1.41466919810575","1.43571048502033","0.653256502346593","1.45384913662419","2.05376358684957"
"70","Lepidozamia_peroffskyana","Macrozamia_miquelii","Macrozamia_miquelii","1635.92","0.081","1266.039695","1635.92","0.081","1266.039695","0","1","0","1.54140892721916","0.743147355701527","1.76086956521739","0.954946947021188",NA,NA,NA,NA,NA,NA,NA,NA,NA,NA,NA,"1266.039695","1635.92","0.081","1325.769666","2201.34","0.046","1.22360033685361","0.624357750042425","0.741398965903158","1.27365677379087","1.13676932758888","0.710472708806722","1.60001828852532","1.72223411495807","0.878792024384818","1.0435291274571","1.79268923070958"
"71","Lepidozamia_peroffskyana","Metasequoia_glyptostroboides","Metasequoia_glyptostroboides","2308.218656","0.135582822","571.5825887","2308.218656","0.135582822","571.5825887","1","1","0","4.92158031549709","1.04855163491328","2.94745265217391","0.431132649477892",NA,NA,NA,NA,NA,NA,NA,NA,NA,NA,NA,"571.5825887","2308.218656","0.135582822","1325.769666","2201.34","0.046","1.98037487083046","0.724906652153069","1.50109997044956","3.60938347297084","3.6296024003451","0.710472708806722","5.10871474069878","2.787404563585","1.0203159715601","2.11281862321037","5.08025632544421"
"72","Lepidozamia_peroffskyana","Nageia_nagi","Nageia_nagi","439.6933333","0.093","894.9145802","439.6933333","0.093","894.9145802","0","1","0","1.70576839156039","0.199738946868725","2.02173913043478","0.67501512755233",NA,NA,NA,NA,NA,NA,NA,NA,NA,NA,NA,"894.9145802","439.6933333","0.093","1325.769666","2201.34","0.046","1.39438496334574","0.337549532578654","1.01625970403933","1.9304918130886","1.02857165977714","0.710472708806722","1.44772859960333","1.9626157993988","0.475105557742798","1.43039935446105","2.71719348140898"
"73","Lepidozamia_peroffskyana","Pinus_roxburghii","Lepidozamia_peroffskyana","2201.34","0.046","1325.769666","2201.34","0.046","1325.769666","1","0","0","5.39006626790447","2.1452503633735","0.603001900766861","0.779565500644041",NA,NA,NA,NA,NA,NA,NA,NA,NA,NA,NA,"1325.769666","2201.34","0.046","1700.652049","1026.145963","0.076285","0.396875986120352","0.925619795378362","0.843411745751294","0.505061398441819","0.710472708806722","0.666319296653706","1.06626464575581","0.595624332228536","1.38915351848112","1.2657771581687","0.757987050620125"
"74","Lepidozamia_peroffskyana","Podocarpus_macrophyllus","Podocarpus_macrophyllus","619.04","0.132","979.2786638","619.04","0.132","979.2786638","0","1","0","1.57457401161948","0.281210535401165","2.8695652173913","0.738649170300145",NA,NA,NA,NA,NA,NA,NA,NA,NA,NA,NA,"979.2786638","619.04","0.132","1325.769666","2201.34","0.046","1.93223907932994","0.397962918457912","0.937271306586576","2.44173733173087","1.58509695024787","0.710472708806722","2.23104551462663","2.71965278240629","0.560138219983583","1.31922211081236","3.43677850178355"
"75","Lepidozamia_peroffskyana","Sequoia_sempervirens","Sequoia_sempervirens","3295.472578","0.090797546","821.8244381","3295.472578","0.090797546","821.8244381","1","1","0","3.03725615069766","1.49703025339112","1.97385969565217","0.619884780272232",NA,NA,NA,NA,NA,NA,NA,NA,NA,NA,NA,"821.8244381","3295.472578","0.090797546","1325.769666","2201.34","0.046","1.36323087069673","0.838396433369717","1.09630396091105","2.02274817395825","2.23993748104792","0.710472708806722","3.15274246749043","1.91876599030292","1.18005438207169","1.54306273460152","2.84704556400986"
"76","Lepidozamia_peroffskyana","Taxodium_distichum","Taxodium_distichum","839.5619768","0.150920245","809.012658","839.5619768","0.150920245","809.012658","0","1","0","2.57076321323996","0.381386781142395","3.28087489130435","0.610221125695902",NA,NA,NA,NA,NA,NA,NA,NA,NA,NA,NA,"809.012658","839.5619768","0.150920245","1325.769666","2201.34","0.046","2.1840941880185","0.459850246929636","1.11165171683895","3.12440424383105","2.41691776413732","0.710472708806722","3.40184462285211","3.07414227308859","0.64724547646873","1.56466490979791","4.39764146476317"
"77","Lepidozamia_peroffskyana","Zamia_integrifolia","Zamia_integrifolia","924.5","0.067","921.3870293","924.5","0.067","921.3870293","0","1","0","1.34785970581594","0.419971471921648","1.45652173913043","0.694982735636071",NA,NA,NA,NA,NA,NA,NA,NA,NA,NA,NA,"921.3870293","924.5","0.067","1325.769666","2201.34","0.046","1.02107527287468","0.481109115687873","0.990077646977228","1.40358315179436","0.994029257123028","0.710472708806722","1.3991096980946","1.43717733308804","0.67716762336434","1.3935477530729","1.97556237473463"
"78","Macrozamia_miquelii","Metasequoia_glyptostroboides","Metasequoia_glyptostroboides","2308.218656","0.135582822","571.5825887","2308.218656","0.135582822","571.5825887","1","1","0","3.19291021907863","1.41096059465011","1.673862","0.451472881108992",NA,NA,NA,NA,NA,NA,NA,NA,NA,NA,NA,"571.5825887","2308.218656","0.135582822","1266.039695","1635.92","0.081","1.87360788356709","1.2958486800384","2.23968784999603","3.4447018450622","3.6296024003451","1.13676932758888","3.19291021692465","1.64818652130689","1.13993987046337","1.97022192246027","3.03025579725001"
"79","Macrozamia_miquelii","Nageia_nagi","Nageia_nagi","439.6933333","0.093","894.9145802","439.6933333","0.093","894.9145802","0","1","0","1.10662937098577","0.268774349173554","1.14814814814815","0.706861391261512",NA,NA,NA,NA,NA,NA,NA,NA,NA,NA,NA,"894.9145802","439.6933333","0.093","1266.039695","1635.92","0.081","1.30072485292214","0.636962422874754","1.54277670816962","1.75499426373175","1.02857165977714","1.13676932758888","0.904820032362038","1.14422937121379","0.560326890791266","1.35715898619634","1.54384378707169"
"80","Macrozamia_miquelii","Pinus_roxburghii","Macrozamia_miquelii","1635.92","0.081","1266.039695","1635.92","0.081","1266.039695","1","1","0","8.30829626365081","1.59423713485876","1.0618076948286","0.744443694843071",NA,NA,NA,NA,NA,NA,NA,NA,NA,NA,NA,"1266.039695","1635.92","0.081","1700.652049","1026.145963","0.076285","0.708869934313002","0.818236565303604","0.880706354486911","0.935989275744629","1.13676932758888","0.666319296653706","1.70604293361726","1.06385923066162","1.22799470075808","1.3217482352828","1.40471584786036"
"81","Macrozamia_miquelii","Podocarpus_macrophyllus","Podocarpus_macrophyllus","619.04","0.132","979.2786638","619.04","0.132","979.2786638","0","1","0","1.021516084288","0.378404811971245","1.62962962962963","0.773497598588329",NA,NA,NA,NA,NA,NA,NA,NA,NA,NA,NA,"979.2786638","619.04","0.132","1266.039695","1635.92","0.081","1.82593561810934","0.746738248847187","1.42692560810276","2.25230530198903","1.58509695024787","1.13676932758888","1.39438750833461","1.60624989942524","0.656895141981919","1.25524640177379","1.98132131763815"
"82","Macrozamia_miquelii","Sequoia_sempervirens","Sequoia_sempervirens","3295.472578","0.090797546","821.8244381","3295.472578","0.090797546","821.8244381","1","1","0","1.97044152078264","2.01444604748398","1.12095735802469","0.649130071786572",NA,NA,NA,NA,NA,NA,NA,NA,NA,NA,NA,"821.8244381","3295.472578","0.090797546","1266.039695","1635.92","0.081","1.27071672079968","1.46180840144283","1.6595057163814","1.84367067702787","2.23993748104792","1.13676932758888","1.97044151938801","1.11783163915489","1.28593230479166","1.45984385407483","1.62185118148671"
"83","Macrozamia_miquelii","Taxodium_distichum","Taxodium_distichum","839.5619768","0.150920245","809.012658","839.5619768","0.150920245","809.012658","0","1","0","1.66780091112995","0.513204788009194","1.86321290123457","0.639010499587851",NA,NA,NA,NA,NA,NA,NA,NA,NA,NA,NA,"809.012658","839.5619768","0.150920245","1266.039695","1635.92","0.081","2.07660393780552","0.857018200763392","1.68181078297972","2.93955399830585","2.41691776413732","1.13676932758888","2.12612858693476","1.8267592970775","0.753906865679736","1.47946530765999","2.58588433639455"
"84","Macrozamia_miquelii","Zamia_integrifolia","Macrozamia_miquelii","1635.92","0.081","1266.039695","1635.92","0.081","1266.039695","1","1","1","1.14359745347982","1.76951865873445","1.2089552238806","1.37405851693163",NA,NA,NA,NA,NA,NA,NA,NA,NA,NA,NA,"1266.039695","1635.92","0.081","921.3870293","924.5","0.067","1.20168003650857","1.25726408870006","0.736908797782353","0.894329602529497","1.13676932758888","0.994029257123028","1.14359745394112","1.20889805596521","1.26481597970155","0.741335119164554","0.899701488785062"
"85","Metasequoia_glyptostroboides","Nageia_nagi","Metasequoia_glyptostroboides","2308.218656","0.135582822","571.5825887","2308.218656","0.135582822","571.5825887","1","1","0","2.88525707232442","5.24961031061419","1.45787980645161","0.638700722221175",NA,NA,NA,NA,NA,NA,NA,NA,NA,NA,NA,"571.5825887","2308.218656","0.135582822","894.9145802","439.6933333","0.093","1.53442111500925","1.95765630340727","1.56787434882956","2.30895706823669","3.6296024003451","1.02857165977714","3.52877931823585","1.49179797092767","1.90327653382112","1.52432194094213","2.24481886729892"
"86","Metasequoia_glyptostroboides","Pinus_roxburghii","Metasequoia_glyptostroboides","2308.218656","0.135582822","571.5825887","2308.218656","0.135582822","571.5825887","1","1","0","26.5276440433435","2.24940577581359","1.7773195516812","0.336096139734225",NA,NA,NA,NA,NA,NA,NA,NA,NA,NA,NA,"571.5825887","2308.218656","0.135582822","1700.652049","1026.145963","0.076285","1.21369719804694","0.943400171775139","1.81257861749282","3.08439735479546","3.6296024003451","0.666319296653706","5.44724191325865","1.82149489612892","1.41583798715263","2.72028534457233","4.62900800004665"
"87","Metasequoia_glyptostroboides","Podocarpus_macrophyllus","Metasequoia_glyptostroboides","2308.218656","0.135582822","571.5825887","2308.218656","0.135582822","571.5825887","1","1","0","3.12565829181643","3.72870679762212","1.02714259090909","0.583677159351177",NA,NA,NA,NA,NA,NA,NA,NA,NA,NA,NA,"571.5825887","2308.218656","0.135582822","979.2786638","619.04","0.132","1.63037906385075","2.4697614650587","2.55582873048698","2.62442830618118","3.6296024003451","1.58509695024787","2.28982990584741","1.02856740945454","1.55811382052844","1.6124116131113","1.65568945531741"
"88","Metasequoia_glyptostroboides","Sequoia_sempervirens","Metasequoia_glyptostroboides","2308.218656","0.135582822","571.5825887","2308.218656","0.135582822","571.5825887","0","1","0","1.62040344024543","0.700421138810034","1.49324324249909","0.695504492445441",NA,NA,NA,NA,NA,NA,NA,NA,NA,NA,NA,"571.5825887","2308.218656","0.135582822","821.8244381","3295.472578","0.090797546","3.02456661050107","2.05026194044218","2.86227051344156","3.71991938720763","3.6296024003451","2.23993748104792","1.62040344029917","1.35029063806106","0.915321055962242","1.27783500104766","1.66072464909482"
"89","Metasequoia_glyptostroboides","Taxodium_distichum","Metasequoia_glyptostroboides","2308.218656","0.135582822","571.5825887","2308.218656","0.135582822","571.5825887","1","0","0","1.91444326344407","2.74931299866366","0.898373985544484","0.706518721367151",NA,NA,NA,NA,NA,NA,NA,NA,NA,NA,NA,"571.5825887","2308.218656","0.135582822","809.012658","839.5619768","0.150920245","2.17254716699702","3.14950501452501","3.21303336263248","2.9060212197593","3.6296024003451","2.41691776413732","1.50174840625603","0.898891637619485","1.30310805822935","1.32939291948947","1.20236661043226"
"90","Metasequoia_glyptostroboides","Zamia_integrifolia","Metasequoia_glyptostroboides","2308.218656","0.135582822","571.5825887","2308.218656","0.135582822","571.5825887","1","1","0","3.65140399572801","2.49672109897242","2.02362420895522","0.620350157451473",NA,NA,NA,NA,NA,NA,NA,NA,NA,NA,NA,"571.5825887","2308.218656","0.135582822","921.3870293","924.5","0.067","2.0110757844444","1.42710561886535","1.53906217943136","2.99278624172292","3.6296024003451","0.994029257123028","3.65140399473763","2.02315552588962","1.43567768115373","1.54830672075568","3.01076273185842"
"91","Nageia_nagi","Pinus_roxburghii","Nageia_nagi","439.6933333","0.093","894.9145802","439.6933333","0.093","894.9145802","0","1","0","9.19420466820734","0.428490048349973","1.21911253850691","0.526218505852634",NA,NA,NA,NA,NA,NA,NA,NA,NA,NA,NA,"894.9145802","439.6933333","0.093","1700.652049","1026.145963","0.076285","0.81790966588947","0.448328704403693","1.21434520228046","1.47684360471681","1.02857165977714","0.666319296653706","1.5436618224066","1.22750409600481","0.67284364516415","1.82246740921203","2.21642028398938"
"92","Nageia_nagi","Podocarpus_macrophyllus","Nageia_nagi","439.6933333","0.093","894.9145802","439.6933333","0.093","894.9145802","0","0","0","1.08332055462161","0.710282588039545","0.704545454545454","0.913850789648952",NA,NA,NA,NA,NA,NA,NA,NA,NA,NA,NA,"894.9145802","439.6933333","0.093","979.2786638","619.04","0.132","1.10018342858903","1.37072009974764","1.72030211656103","1.19702931115068","1.02857165977714","1.58509695024787","0.648901418690067","0.694079581956791","0.864754739155414","1.08529772661036","0.755177347961898"
"93","Nageia_nagi","Sequoia_sempervirens","Sequoia_sempervirens","3295.472578","0.090797546","821.8244381","3295.472578","0.090797546","821.8244381","1","0","0","1.78057945364977","7.49493414709456","0.976317698924731","0.918327241820481",NA,NA,NA,NA,NA,NA,NA,NA,NA,NA,NA,"821.8244381","3295.472578","0.090797546","894.9145802","439.6933333","0.093","1.00303318320916","2.14707211447769","1.11529179947204","1.08771485353111","2.23993748104792","1.02857165977714","2.17771650594888","0.975170931140072","2.08743075318922","1.08431122797384","1.05750031433569"
"94","Nageia_nagi","Taxodium_distichum","Taxodium_distichum","839.5619768","0.150920245","809.012658","839.5619768","0.150920245","809.012658","1","1","0","1.50709980672598","1.90942621417271","1.62279833333333","0.904011037365374",NA,NA,NA,NA,NA,NA,NA,NA,NA,NA,NA,"809.012658","839.5619768","0.150920245","894.9145802","439.6933333","0.093","1.7224316246233","1.36189754427239","1.13202160137723","1.88921004841911","2.41691776413732","1.02857165977714","2.34978063138643","1.67458592529809","1.32406675930335","1.10057630950332","1.83673157865193"
"95","Nageia_nagi","Zamia_integrifolia","Nageia_nagi","439.6933333","0.093","894.9145802","439.6933333","0.093","894.9145802","0","1","0","1.2655385306053","0.475601225851812","1.38805970149254","0.971268914953023",NA,NA,NA,NA,NA,NA,NA,NA,NA,NA,NA,"894.9145802","439.6933333","0.093","921.3870293","924.5","0.067","1.3796507889237","0.710565000132851","1.02140289115189","1.41655328941879","1.02857165977714","0.994029257123028","1.03474988528415","1.38793780870873","0.714833084681437","1.02753805668466","1.42506196801356"
"96","Pinus_roxburghii","Podocarpus_macrophyllus","Podocarpus_macrophyllus","619.04","0.132","979.2786638","619.04","0.132","979.2786638","0","1","0","8.48705826634918","0.603267003253805","1.73035328046143","0.575825410245338",NA,NA,NA,NA,NA,NA,NA,NA,NA,NA,NA,"979.2786638","619.04","0.132","1700.652049","1026.145963","0.076285","1.17985298087071","0.527464662892235","1.11806238937864","1.9295166516248","1.58509695024787","0.666319296653706","2.37888495531845","1.77070210452556","0.79160946642427","1.67796789766349","2.89578384014232"
"97","Pinus_roxburghii","Sequoia_sempervirens","Sequoia_sempervirens","3295.472578","0.090797546","821.8244381","3295.472578","0.090797546","821.8244381","1","1","0","16.3710119248608","3.21150469506841","1.19024114832536","0.483240789074544",NA,NA,NA,NA,NA,NA,NA,NA,NA,NA,NA,"821.8244381","3295.472578","0.090797546","1700.652049","1026.145963","0.076285","0.797816077151491","1.08065319736139","1.31224915981731","1.55638188632746","2.23993748104792","0.666319296653706","3.36165783025797","1.19734799991261","1.62182485602398","1.96939990543197","2.33578990454531"
"98","Pinus_roxburghii","Taxodium_distichum","Taxodium_distichum","839.5619768","0.150920245","809.012658","839.5619768","0.150920245","809.012658","0","1","0","13.8565840784544","0.818170130831573","1.97837379563479","0.475707337356696",NA,NA,NA,NA,NA,NA,NA,NA,NA,NA,NA,"809.012658","839.5619768","0.150920245","1700.652049","1026.145963","0.076285","1.35973468384775","0.607951158493722","1.33105992068519","2.58263774158865","2.41691776413732","0.666319296653706","3.6272666517017","2.04066532468205","0.912402149460308","1.99763075656049","3.87597620924204"
"99","Pinus_roxburghii","Zamia_integrifolia","Zamia_integrifolia","924.5","0.067","921.3870293","924.5","0.067","921.3870293","0","0","0","7.26505313418611","0.900943952746418","0.878285377203906","0.541784564245099",NA,NA,NA,NA,NA,NA,NA,NA,NA,NA,NA,"921.3870293","924.5","0.067","1700.652049","1026.145963","0.076285","0.583004548437936","0.63544508352665","1.18239441029517","1.03956773122368","0.994029257123028","0.666319296653706","1.49182120661235","0.874962726377306","0.953664536983832","1.77451623603462","1.56016452839419"
"100","Podocarpus_macrophyllus","Sequoia_sempervirens","Sequoia_sempervirens","3295.472578","0.090797546","821.8244381","3295.472578","0.090797546","821.8244381","1","0","0","1.92893832127572","5.32352122318429","0.687860196969697","0.83921407509379",NA,NA,NA,NA,NA,NA,NA,NA,NA,NA,NA,"821.8244381","3295.472578","0.090797546","979.2786638","619.04","0.132","1.07322822540627","2.65176758529045","1.8575750923229","1.26446377694715","2.23993748104792","1.58509695024787","1.413123330215","0.677074184792573","1.67293715685705","1.17189998506553","0.797720150019476"
"101","Podocarpus_macrophyllus","Taxodium_distichum","Taxodium_distichum","839.5619768","0.150920245","809.012658","839.5619768","0.150920245","809.012658","1","1","0","1.63267219849252","1.35623219307315","1.14333518939394","0.826131200347715",NA,NA,NA,NA,NA,NA,NA,NA,NA,NA,NA,"809.012658","839.5619768","0.150920245","979.2786638","619.04","0.132","1.82565219793939","1.79003827076948","1.88392595413704","2.16388017697972","2.41691776413732","1.58509695024787","1.52477598531709","1.15176058956766","1.12929260919312","1.18852411762097","1.36514058439223"
"102","Podocarpus_macrophyllus","Zamia_integrifolia","Podocarpus_macrophyllus","619.04","0.132","979.2786638","619.04","0.132","979.2786638","0","1","1","1.16820319268043","0.66959437533802","1.97014925373134","1.06283096316646",NA,NA,NA,NA,NA,NA,NA,NA,NA,NA,NA,"979.2786638","619.04","0.132","921.3870293","924.5","0.067","1.9579561154346","0.831875082635472","0.938996528064389","1.85673972797652","1.58509695024787","0.994029257123028","1.59461800433877","1.9697167879157","0.836871829148298","0.944636710977787","1.8678924334183"
"103","Sequoia_sempervirens","Taxodium_distichum","Sequoia_sempervirens","3295.472578","0.090797546","821.8244381","3295.472578","0.090797546","821.8244381","1","0","1","1.18146087319717","3.9252284751636","0.601626017768524","1.01583631599989",NA,NA,NA,NA,NA,NA,NA,NA,NA,NA,NA,"821.8244381","3295.472578","0.090797546","809.012658","839.5619768","0.150920245","1.45737053986911","3.28978106997241","2.38502967888372","1.43675423831047","2.23993748104792","2.41691776413732","0.926774387728259","0.602987226745506","1.36114729213662","0.986806301096892","0.594457229629116"
"104","Sequoia_sempervirens","Zamia_integrifolia","Sequoia_sempervirens","3295.472578","0.090797546","821.8244381","3295.472578","0.090797546","821.8244381","1","1","0","2.25339190539792","3.56459986803678","1.35518725373134","0.891942703734781",NA,NA,NA,NA,NA,NA,NA,NA,NA,NA,NA,"821.8244381","3295.472578","0.090797546","921.3870293","924.5","0.067","1.34698750354307","1.60081067800443","1.10545299502895","1.49369167020622","2.23993748104792","0.994029257123028","2.253391904712","1.35507832781662","1.61042611827903","1.11209301648567","1.50266368872214"
"105","Taxodium_distichum","Zamia_integrifolia","Taxodium_distichum","839.5619768","0.150920245","809.012658","839.5619768","0.150920245","809.012658","0","1","0","1.90729287487954","0.908125448134127","2.25254097014925","0.878037819367423",NA,NA,NA,NA,NA,NA,NA,NA,NA,NA,NA,"809.012658","839.5619768","0.150920245","921.3870293","924.5","0.067","2.23845710011893","0.953152014780539","1.1216316380451","2.49689258064879","2.41691776413732","0.994029257123028","2.43143523877002","2.25190263171689","0.958877224136442","1.12836883824867","2.51189043255671"
