"","Species 1","Species 2","Species with highest g","High g s-value","High g i-value","High g e-value","Low g s-value","Low g i-value","Low g e-value","Does the species with the highest g have the highest s?","Does the species with the highest g have the highest i?","Does the species with the highest g have the highest e?","g for high g species divded by g for low g species","s for high g species divded by s for low g species","i for high g species divded by i for low g species","e for high g species divded by e for low g species","Number of species with high g and high s","Number of species with high g and high i","Number of species with high g and high e","Average g for g high divided by g for g low","Average s for g high divided by s for g low","Average i for g high divided by i for g low","Average e for g high divided by e for g low","Standard Error for average g","Standard Error for average s","Standard Error for average i","Standard Error for average e","e for Species with highest g","s for Species with highest g","i for Species with highest g","e for Species with lowest g","s for Species with lowest g","i for Species with lowest g","Change in g due to high i divided by low g","Change in g due to high s divided low g","Change in g due to high e divided by low g","Change in g due to high ie divided by low g","High ies","Low ies","High ies divided by Low ies","Change in g due to high i/low g","Change in g due to high s/low g","Change in g due to high e/low g","Change in g due to high ie/low g"
"1","Brachypodium_sylvaticum","Calamagrostis_epigejos","Brachypodium_sylvaticum","43.4778125","0.08451488","574","43.4778125","0.08451488","574","0","0","0","1.61590119084784","0.495297258810965","0.626036148148148","0.281394025866879","38","51","24","2.07923888528791","1.90870956874801","1.39006767375554","0.926285574213138","0.118189679179595","0.320834516979816","0.072076331630735","0.0997574242096732","574","43.4778125","0.08451488","2039.844301","87.78125","0.135","0.189921941716488","0.226111940428888","1.11885595049592","0.668180357296782","0.473575106898145","0.320203276322401","1.47898270229228","0.593129289299535","0.706151239380899","3.49420519160893","2.08673804019424"
"2","Brachypodium_sylvaticum","Cleistogenes_squarrosa","Cleistogenes_squarrosa","89.78","0.226","2185.828078","89.78","0.226","2185.828078","1","1","1","1.0870122990191","2.06496129491335","2.67408532083344","3.80806285365854",NA,NA,NA,NA,NA,NA,NA,NA,NA,NA,NA,"2185.828078","89.78","0.226","574","43.4778125","0.08451488","1.47570714279274","0.675530529547145","0.125001229562902","0.393805318014381","0.562438485562796","0.473575106898145","1.18764368601782","3.11609947671961","1.42644856054994","0.263952280730386","0.831558315203166"
"3","Brachypodium_sylvaticum","Hordeum_vulgare","Brachypodium_sylvaticum","43.4778125","0.08451488","574","43.4778125","0.08451488","574","0","0","0","1.22158162713018","0.0751985779970942","0.406321538461538","0.190195557956037",NA,NA,NA,NA,NA,NA,NA,NA,NA,NA,NA,"574","43.4778125","0.08451488","3017.946403","578.1733333","0.208","0.325010142747416","0.257058350904528","3.91233006811681","1.5910903165001","0.473575106898145","0.895876206861947","0.528616680821307","0.362784657364496","0.286935124446429","4.36704316751621","1.77601582039256"
"4","Brachypodium_sylvaticum","Koeleria_macrantha","Koeleria_macrantha","132.845","0.157","720.2174792","132.845","0.157","720.2174792","1","1","1","2.50428263099988","3.05546650949838","1.85766104146394","1.25473428432056",NA,NA,NA,NA,NA,NA,NA,NA,NA,NA,NA,"720.2174792","132.845","0.157","574","43.4778125","0.08451488","0.948684140912198","0.816155051579733","0.377963434537134","0.758225002555389","1.29575804451021","0.473575106898145","2.7361194151383","2.00323903662495","1.72339094621219","0.79810663405166","1.60106600095952"
"5","Brachypodium_sylvaticum","Leymus_chinensis","Leymus_chinensis","157.015625","0.192","1262.477324","157.015625","0.192","1262.477324","1","1","1","1.52146231693689","3.61139661752762","2.27178929911514","2.1994378466899",NA,NA,NA,NA,NA,NA,NA,NA,NA,NA,NA,"1262.477324","157.015625","0.192","574","43.4778125","0.08451488","1.2058014820449","0.883937758081403","0.216134900035506","0.553569149593732","1.03014910669121","0.473575106898145","2.17526025267364","2.54616736496718","1.86652073811708","0.456389909197638","1.16891521857966"
"6","Brachypodium_sylvaticum","Leymus_secalinus","Leymus_secalinus","204.078125","0.131","1998.295484","204.078125","0.131","1998.295484","1","1","1","1.40646965279729","4.69384528027945","1.55002290720877","3.4813510174216",NA,NA,NA,NA,NA,NA,NA,NA,NA,NA,NA,"1998.295484","204.078125","0.131","574","43.4778125","0.08451488","0.769934702402954","1.00035465668637","0.136708614474065","0.222953782903652","0.477272254458778","0.473575106898145","1.00780688745413","1.6257921735919","2.11234636727121","0.288673565148912","0.470788645045069"
"7","Brachypodium_sylvaticum","Phragmites_australis","Phragmites_australis","42.16023333","0.25332893","325.7701962","42.16023333","0.25332893","325.7701962","0","1","0","3.26783041635178","0.969695366573468","2.99744766838692","0.567543895818815",NA,NA,NA,NA,NA,NA,NA,NA,NA,NA,NA,"325.7701962","42.16023333","0.25332893","574","43.4778125","0.08451488","1.70871214038005","0.466442298848453","0.830037147198334","2.95431215808352","2.91302723082181","0.473575106898145","6.15114094552342","3.60811224131246","0.984938380531842","1.75270434426963","6.23831809368926"
"8","Brachypodium_sylvaticum","Poa_aitchisonii","Poa_aitchisonii","282.03125","0.173","2373.44196","282.03125","0.173","2373.44196","1","1","1","1.25521405465533","6.48678564497696","2.0469768163902","4.13491630662021",NA,NA,NA,NA,NA,NA,NA,NA,NA,NA,NA,"2373.44196","282.03125","0.173","574","43.4778125","0.08451488","1.06376655123216","1.1618880523189","0.115136917095483","0.260343097049107","0.649468909328313","0.473575106898145","1.37141690909864","2.2462467636859","2.45343987763443","0.24312282343051","0.549739826390623"
"9","Brachypodium_sylvaticum","Psammochloa_villosa","Psammochloa_villosa","43.71125","0.124","451.9113052","43.71125","0.124","451.9113052","1","1","0","1.77552102157397","1.00536911786903","1.46719725567853","0.78730192543554",NA,NA,NA,NA,NA,NA,NA,NA,NA,NA,NA,"451.9113052","43.71125","0.124","574","43.4778125","0.08451488","0.723467680457952","0.474827042135263","0.600390176400089","0.916294222759818","0.918684504132631","0.473575106898145","1.93989187934707","1.52767252737706","1.0026435832857","1.26778238056592","1.93484456723544"
"10","Brachypodium_sylvaticum","Stipa_inebrians","Brachypodium_sylvaticum","43.4778125","0.08451488","574","43.4778125","0.08451488","574","0","0","0","1.36740546143162","0.300884515570934","0.670753015873016","0.281556836250017",NA,NA,NA,NA,NA,NA,NA,NA,NA,NA,NA,"574","43.4778125","0.08451488","2038.66476","144.5","0.126","0.243191721571078","0.209037993433779","1.31011720732438","0.849645322571898","0.473575106898145","0.378393146669225","1.25154250563667","0.642695893706727","0.552435992231412","3.46231748343377","2.24540357046853"
"11","Brachypodium_sylvaticum","Stipa_sibirica","Brachypodium_sylvaticum","43.4778125","0.08451488","574","43.4778125","0.08451488","574","1","0","0","1.28207729281475","1.50546442174515","0.640264242424242","0.6333938026746",NA,NA,NA,NA,NA,NA,NA,NA,NA,NA,NA,"574","43.4778125","0.08451488","906.2292646","28.88","0.132","0.245458392684208","0.493974081723425","0.635392237224141","0.386872044356453","0.473575106898145","0.403576959511724","1.17344435983439","0.608207150827392","1.22398979942034","1.57440166552839","0.958607857159434"
"12","Brachypodium_sylvaticum","Stipa_splendens","Brachypodium_sylvaticum","43.4778125","0.08451488","574","43.4778125","0.08451488","574","0","1","0","1.87531693044465","0.488209616180898","1.12686506666667","0.427944710891304",NA,NA,NA,NA,NA,NA,NA,NA,NA,NA,NA,"574","43.4778125","0.08451488","1341.294764","89.055625","0.075","0.290299167569979","0.178772418350433","0.591998238192877","0.672877083149685","0.473575106898145","0.255155872114999","1.85602276354708","1.13773265401919","0.700640031791469","2.32014350007224","2.63712168398154"
"13","Calamagrostis_epigejos","Cleistogenes_squarrosa","Cleistogenes_squarrosa","89.78","0.226","2185.828078","89.78","0.226","2185.828078","1","1","1","1.75650446845121","1.02276966892132","1.67407407407407","1.07156613714509",NA,NA,NA,NA,NA,NA,NA,NA,NA,NA,NA,"2185.828078","89.78","0.226","2039.844301","87.78125","0.135","0.595606742638722","0.323779035418836","0.298951224611563","0.556289300953893","0.562438485562796","0.320203276322401","1.75650446810699","1.86008947028708","1.01116715337052","0.933629499501312","1.73730046532624"
"14","Calamagrostis_epigejos","Hordeum_vulgare","Hordeum_vulgare","578.1733333","0.208","3017.946403","578.1733333","0.208","3017.946403","1","1","1","1.32279428157742","6.58652426685653","1.54074074074074","1.47949841148195",NA,NA,NA,NA,NA,NA,NA,NA,NA,NA,NA,"3017.946403","578.1733333","0.208","2039.844301","87.78125","0.135","0.536380011646643","0.792249888035011","0.216895878381629","0.363859654621072","0.895876206861947","0.320203276322401","2.79783585337185","1.67512343348599","2.47420918715811","0.677369328861097","1.13633957403582"
"15","Calamagrostis_epigejos","Koeleria_macrantha","Koeleria_macrantha","132.845","0.157","720.2174792","132.845","0.157","720.2174792","1","1","0","4.04667328565227","1.51336418654325","1.16296296296296","0.353074731658159",NA,NA,NA,NA,NA,NA,NA,NA,NA,NA,NA,"720.2174792","132.845","0.157","2039.844301","87.78125","0.135","0.381610622156634","0.392565967996134","0.895947640830364","1.06530187525141","1.29575804451021","0.320203276322401","4.0466732863956","1.19177613214802","1.22598985402283","2.79805894280815","3.32695495026352"
"16","Calamagrostis_epigejos","Leymus_chinensis","Leymus_chinensis","157.015625","0.192","1262.477324","157.015625","0.192","1262.477324","1","1","0","2.45853276976843","1.78871484514062","1.42222222222222","0.618908670324049",NA,NA,NA,NA,NA,NA,NA,NA,NA,NA,NA,"1262.477324","157.015625","0.192","2039.844301","87.78125","0.135","0.485832539249765","0.426007398836594","0.515250982707413","0.780120319877167","1.03014910669121","0.320203276322401","3.21717228668825","1.51726286135998","1.33042798227855","1.6091371350886","2.43632835003128"
"17","Calamagrostis_epigejos","Leymus_secalinus","Leymus_secalinus","204.078125","0.131","1998.295484","204.078125","0.131","1998.295484","1","0","0","2.27271598684649","2.3248487006052","0.97037037037037","0.97963137824802",NA,NA,NA,NA,NA,NA,NA,NA,NA,NA,NA,"1998.295484","204.078125","0.131","2039.844301","87.78125","0.135","0.309355918457457","0.48395105836801","0.326815650791133","0.315745772504215","0.477272254458778","0.320203276322401","1.49052895379568","0.966123526312634","1.51138696619936","1.02065055218884","0.986079143632192"
"18","Calamagrostis_epigejos","Phragmites_australis","Phragmites_australis","42.16023333","0.25332893","325.7701962","42.16023333","0.25332893","325.7701962","0","1","0","5.28049106127165","0.480287456945532","1.87651059259259","0.159703461700629",NA,NA,NA,NA,NA,NA,NA,NA,NA,NA,NA,"325.7701962","42.16023333","0.25332893","2039.844301","87.78125","0.135","0.690678058771546","0.222681836758238","1.93699381867402","4.0203512248111","2.91302723082181","0.320203276322401","9.0974310577909","2.15699872501032","0.695438970255969","6.04926295858302","12.5556217631051"
"19","Calamagrostis_epigejos","Poa_aitchisonii","Poa_aitchisonii","282.03125","0.173","2373.44196","282.03125","0.173","2373.44196","1","1","1","2.0283018856865","3.21288714845141","1.28148148148148","1.16354074614247",NA,NA,NA,NA,NA,NA,NA,NA,NA,NA,NA,"2373.44196","282.03125","0.173","2039.844301","87.78125","0.135","0.428216768228246","0.565599326027939","0.275455596129184","0.368491114570718","0.649468909328313","0.320203276322401","2.02830188618803","1.33732787854766","1.76637582389525","0.860252272534018","1.15080369820981"
"20","Calamagrostis_epigejos","Psammochloa_villosa","Psammochloa_villosa","43.71125","0.124","451.9113052","43.71125","0.124","451.9113052","0","0","0","2.86906653313676","0.497956568173727","0.918518518518518","0.221542058371052",NA,NA,NA,NA,NA,NA,NA,NA,NA,NA,NA,"451.9113052","43.71125","0.124","2039.844301","87.78125","0.135","0.290599772695665","0.226714102880303","1.41223300500165","1.28438877896521","0.918684504132631","0.320203276322401","2.86906653387157","0.907547780376457","0.708031802435503","4.41042646790323","4.0111668865999"
"21","Calamagrostis_epigejos","Stipa_inebrians","Stipa_inebrians","144.5","0.126","2038.66476","144.5","0.126","2038.66476","1","0","0","1.18172790472554","1.64613741545034","0.933333333333333","0.999421749493615",NA,NA,NA,NA,NA,NA,NA,NA,NA,NA,NA,"2038.66476","144.5","0.126","2039.844301","87.78125","0.135","0.295929514342366","0.409063525632357","0.320387304477028","0.296099678452522","0.378393146669225","0.320203276322401","1.18172790427114","0.924192649560542","1.2775119927895","1.0005747228971","0.924724074822987"
"22","Calamagrostis_epigejos","Stipa_sibirica","Stipa_sibirica","28.88","0.132","906.2292646","28.88","0.132","906.2292646","0","0","0","1.26037735782699","0.328999644001424","0.977777777777778","0.444263939240723",NA,NA,NA,NA,NA,NA,NA,NA,NA,NA,NA,"906.2292646","28.88","0.132","2039.844301","87.78125","0.135","0.312058846861764","0.184489632961198","0.714784987076619","0.696750970551349","0.403576959511724","0.320203276322401","1.2603773582422","0.974564815344247","0.576164101379905","2.23228505119019","2.17596452651476"
"23","Calamagrostis_epigejos","Stipa_splendens","Calamagrostis_epigejos","87.78125","0.135","2039.844301","87.78125","0.135","2039.844301","0","1","1","1.16053935789273","0.985690123448126","1.8","1.52080240357965",NA,NA,NA,NA,NA,NA,NA,NA,NA,NA,NA,"2039.844301","87.78125","0.135","1341.294764","89.055625","0.075","0.48871794893248","0.253343081314137","0.168085352152385","0.322487962484842","0.320203276322401","0.255155872114999","1.25493202907","1.91537018090736","0.992895359272604","0.658755570699268","1.26388610934847"
"24","Cleistogenes_squarrosa","Hordeum_vulgare","Cleistogenes_squarrosa","89.78","0.226","2185.828078","89.78","0.226","2185.828078","0","1","0","1.32787425294627","0.155282152996523","1.08653846153846","0.724276639183244",NA,NA,NA,NA,NA,NA,NA,NA,NA,NA,NA,"2185.828078","89.78","0.226","3017.946403","578.1733333","0.208","0.990734961333211","0.367915312576824","1.21477258869033","1.34085458264298","0.562438485562796","0.895876206861947","0.627808263301122","1.10588377472769","0.410676508382278","1.35596032061774","1.4966962760845"
"25","Cleistogenes_squarrosa","Koeleria_macrantha","Koeleria_macrantha","132.845","0.157","720.2174792","132.845","0.157","720.2174792","1","0","0","2.30382179967946","1.4796725328581","0.694690265486726","0.329494110927053",NA,NA,NA,NA,NA,NA,NA,NA,NA,NA,NA,"720.2174792","132.845","0.157","2185.828078","89.78","0.226","0.360286229065663","0.680293067001451","1.6667794863469","1.0768176931792","1.29575804451021","0.562438485562796","2.30382180055411","0.640578904740397","1.20954217121313","2.96348761532394","1.91455193913642"
"26","Cleistogenes_squarrosa","Leymus_chinensis","Leymus_chinensis","157.015625","0.192","1262.477324","157.015625","0.192","1262.477324","1","0","0","1.39967350719935","1.74889312764536","0.849557522123894","0.577573934888396",NA,NA,NA,NA,NA,NA,NA,NA,NA,NA,NA,"1262.477324","157.015625","0.192","2185.828078","89.78","0.226","0.458729604360269","0.737257605371562","0.96542689306449","0.788659995129357","1.03014910669121","0.562438485562796","1.83157648904556","0.81560849076899","1.31082353767779","1.71650219152135","1.40221555845382"
"27","Cleistogenes_squarrosa","Leymus_secalinus","Leymus_secalinus","204.078125","0.131","1998.295484","204.078125","0.131","1998.295484","1","0","0","1.29388568470335","2.27309116729784","0.579646017699115","0.914205240619111",NA,NA,NA,NA,NA,NA,NA,NA,NA,NA,NA,"1998.295484","204.078125","0.131","2185.828078","89.78","0.226","0.29204908857422","0.835372242711463","0.614537774624097","0.319272429018023","0.477272254458778","0.562438485562796","0.848576807437354","0.519255164912808","1.48526863675689","1.09263108837435","0.567657507822474"
"28","Cleistogenes_squarrosa","Phragmites_australis","Phragmites_australis","42.16023333","0.25332893","325.7701962","42.16023333","0.25332893","325.7701962","0","1","0","3.00624971704609","0.469594935731789","1.12092446902655","0.149037428642638",NA,NA,NA,NA,NA,NA,NA,NA,NA,NA,NA,"325.7701962","42.16023333","0.25332893","2185.828078","89.78","0.226","0.652274321552803","0.387860221094511","3.53463347728106","4.05812472893532","2.91302723082181","0.562438485562796","5.17928147805699","1.15972562030515","0.68960469642543","6.28448011295703","7.21523301321498"
"29","Cleistogenes_squarrosa","Poa_aitchisonii","Poa_aitchisonii","282.03125","0.173","2373.44196","282.03125","0.173","2373.44196","1","0","1","1.15473767480645","3.14135943417242","0.765486725663717","1.08583194803301",NA,NA,NA,NA,NA,NA,NA,NA,NA,NA,NA,"2373.44196","282.03125","0.173","2185.828078","89.78","0.226","0.404305908930782","0.972187883793671","0.518465002349444","0.372597577255063","0.649468909328313","0.562438485562796","1.15473767531827","0.718844672455546","1.72852304518398","0.921816368648118","0.662468139750837"
"30","Cleistogenes_squarrosa","Psammochloa_villosa","Psammochloa_villosa","43.71125","0.124","451.9113052","43.71125","0.124","451.9113052","0","0","0","1.63339552199747","0.486870683893963","0.548672566371681","0.206746042723311",NA,NA,NA,NA,NA,NA,NA,NA,NA,NA,NA,"451.9113052","43.71125","0.124","2185.828078","89.78","0.226","0.274337366795404","0.394848854753707","2.60211263810405","1.29813805261019","0.918684504132631","0.562438485562796","1.6333955227359","0.487764215709549","0.702030292892577","4.62648397095424","2.30805338882744"
"31","Cleistogenes_squarrosa","Stipa_inebrians","Cleistogenes_squarrosa","89.78","0.226","2185.828078","89.78","0.226","2185.828078","0","1","1","1.48638655432205","0.621314878892734","1.79365079365079","1.07218612931731",NA,NA,NA,NA,NA,NA,NA,NA,NA,NA,NA,"2185.828078","89.78","0.226","2038.66476","144.5","0.126","0.758525890697203","0.299409692141544","0.353157907051583","0.70842438461486","0.562438485562796","0.378393146669225","1.48638655460231","2.00459732786935","0.79126616001657","0.933309469688411","1.87219137252011"
"32","Cleistogenes_squarrosa","Stipa_sibirica","Cleistogenes_squarrosa","89.78","0.226","2185.828078","89.78","0.226","2185.828078","1","1","1","1.39363378558274","3.10872576177285","1.71212121212121","2.41200341170267",NA,NA,NA,NA,NA,NA,NA,NA,NA,NA,NA,"2185.828078","89.78","0.226","906.2292646","28.88","0.132","0.771465963336232","0.704405883143617","0.167793975978979","0.321580079906966","0.562438485562796","0.403576959511724","1.39363378485054","1.91157087924347","1.7454065861338","0.415766985761495","0.796824675759579"
"33","Cleistogenes_squarrosa","Stipa_splendens","Cleistogenes_squarrosa","89.78","0.226","2185.828078","89.78","0.226","2185.828078","1","1","1","2.03849256795207","1.00813396121806","3.01333333333333","1.62964035696482",NA,NA,NA,NA,NA,NA,NA,NA,NA,NA,NA,"2185.828078","89.78","0.226","1341.294764","89.055625","0.075","0.906246305421014","0.256180326804328","0.156896483707281","0.560218486298983","0.562438485562796","0.255155872114999","2.20429371623203","3.55173603456231","1.00401501513893","0.614904459798471","2.1955931550989"
"34","Hordeum_vulgare","Koeleria_macrantha","Koeleria_macrantha","132.845","0.157","720.2174792","132.845","0.157","720.2174792","0","0","0","3.05918565117069","0.229766736632023","0.754807692307692","0.238644887292917",NA,NA,NA,NA,NA,NA,NA,NA,NA,NA,NA,"720.2174792","132.845","0.157","3017.946403","578.1733333","0.208","0.644281271700049","0.445880755063311","3.25635410668279","2.43240833810995","1.29575804451021","0.895876206861947","1.44635836356114","0.719163280334033","0.497703534984069","3.63482597454962","2.71511657467735"
"35","Hordeum_vulgare","Leymus_chinensis","Leymus_chinensis","157.015625","0.192","1262.477324","157.015625","0.192","1262.477324","0","0","0","1.85859041274102","0.271571890221593","0.923076923076923","0.418323308440809",NA,NA,NA,NA,NA,NA,NA,NA,NA,NA,NA,"1262.477324","157.015625","0.192","3017.946403","578.1733333","0.208","0.814300760720099","0.483743848019636","2.00784666731787","1.83545619977789","1.03014910669121","0.895876206861947","1.14987885469086","0.908943394726836","0.539967290474297","2.24120994835984","2.04878328693099"
"36","Hordeum_vulgare","Leymus_secalinus","Leymus_secalinus","204.078125","0.131","1998.295484","204.078125","0.131","1998.295484","0","0","0","1.71811748697334","0.352970490415387","0.629807692307692","0.662137499199319",NA,NA,NA,NA,NA,NA,NA,NA,NA,NA,NA,"1998.295484","204.078125","0.131","3017.946403","578.1733333","0.208","0.524947140162109","0.549276635013134","1.32072362543492","0.781612042294746","0.477272254458778","0.895876206861947","0.532743531754856","0.585959461967274","0.613116668135575","1.47422558531955","0.872455408803139"
"37","Hordeum_vulgare","Phragmites_australis","Phragmites_australis","42.16023333","0.25332893","325.7701962","42.16023333","0.25332893","325.7701962","0","1","0","3.99192159719252","0.0729197126566958","1.21792754807692","0.107944327929803",NA,NA,NA,NA,NA,NA,NA,NA,NA,NA,NA,"325.7701962","42.16023333","0.25332893","3017.946403","578.1733333","0.208","1.14139339173449","0.253162273811773","5.94568239768956","7.02881664296943","2.91302723082181","0.895876206861947","3.25159570988663","1.27405257890767","0.282586223266877","6.63672319026749","7.84574541564151"
"38","Hordeum_vulgare","Poa_aitchisonii","Poa_aitchisonii","282.03125","0.173","2373.44196","282.03125","0.173","2373.44196","0","0","0","1.53334642728253","0.487797056274231","0.831730769230769","0.786442714039147",NA,NA,NA,NA,NA,NA,NA,NA,NA,NA,NA,"2373.44196","282.03125","0.173","3017.946403","578.1733333","0.208","0.720616524209309","0.641440600590485","1.12452211817115","0.906810568084773","0.649468909328313","0.895876206861947","0.72495385450994","0.80437064707128","0.715992450382522","1.25522043063305","1.01220521444712"
"39","Hordeum_vulgare","Psammochloa_villosa","Psammochloa_villosa","43.71125","0.124","451.9113052","43.71125","0.124","451.9113052","0","0","0","2.16894385853818","0.0756023280259439","0.596153846153846","0.149741328988075",NA,NA,NA,NA,NA,NA,NA,NA,NA,NA,NA,"451.9113052","43.71125","0.124","3017.946403","578.1733333","0.208","0.493771333348924","0.257742299320326","4.70346459194059","2.86759239768556","0.918684504132631","0.895876206861947","1.02545920641265","0.551160226789027","0.287698565210409","5.25012781443964","3.20088018380362"
"40","Hordeum_vulgare","Stipa_inebrians","Hordeum_vulgare","578.1733333","0.208","3017.946403","578.1733333","0.208","3017.946403","1","1","1","1.119372976036","4.0011995384083","1.65079365079365","1.48035442717909",NA,NA,NA,NA,NA,NA,NA,NA,NA,NA,NA,"3017.946403","578.1733333","0.208","2038.66476","144.5","0.126","0.683640124368808","0.734599426382062","0.256451551505876","0.46456321646045","0.895876206861947","0.378393146669225","2.36758042461346","1.80669266974441","1.94136556871686","0.677738362238509","1.22772629618092"
"41","Hordeum_vulgare","Stipa_sibirica","Hordeum_vulgare","578.1733333","0.208","3017.946403","578.1733333","0.208","3017.946403","1","1","1","1.04952240958853","20.0198522610803","1.57575757575758","3.3302239520284",NA,NA,NA,NA,NA,NA,NA,NA,NA,NA,NA,"3017.946403","578.1733333","0.208","906.2292646","28.88","0.132","0.694528835074345","1.65402002549673","0.121596486244697","0.209771475073363","0.895876206861947","0.403576959511724","2.21983982422049","1.7209328201358","4.09840053182886","0.301296898593549","0.519780602260247"
"42","Hordeum_vulgare","Stipa_splendens","Hordeum_vulgare","578.1733333","0.208","3017.946403","578.1733333","0.208","3017.946403","1","1","1","1.53515482616603","6.49227191769189","2.77333333333333","2.25002474027402",NA,NA,NA,NA,NA,NA,NA,NA,NA,NA,NA,"3017.946403","578.1733333","0.208","1341.294764","89.055625","0.075","0.816673217520706","0.631562086648157","0.113739714630233","0.366450995467738","0.895876206861947","0.255155872114999","3.51109382447673","3.20068360861643","2.47520106597238","0.445765616473724","1.43618484038877"
"43","Koeleria_macrantha","Leymus_chinensis","Koeleria_macrantha","132.845","0.157","720.2174792","132.845","0.157","720.2174792","0","0","0","1.64597085522412","0.846062294755697","0.817708333333333","0.570479536945727",NA,NA,NA,NA,NA,NA,NA,NA,NA,NA,NA,"720.2174792","132.845","0.157","1262.477324","157.015625","0.192","0.81243098313979","0.951753708316371","1.76755868651878","1.40025247219397","1.29575804451021","1.03014910669121","1.25783542993317","0.788653776295824","0.923898979414117","1.71582800493425","1.35927164630712"
"44","Koeleria_macrantha","Leymus_secalinus","Koeleria_macrantha","132.845","0.157","720.2174792","132.845","0.157","720.2174792","0","1","0","1.78054508749562","0.650951688232141","1.19847328244275","0.360415906940017",NA,NA,NA,NA,NA,NA,NA,NA,NA,NA,NA,"720.2174792","132.845","0.157","1998.295484","204.078125","0.131","0.587542410545715","0.387119507155263","1.28953046592404","1.57791481876653","1.29575804451021","0.477272254458778","2.71492430662995","1.23104246068522","0.811108342332308","2.70187603380874","3.30611051454451"
"45","Koeleria_macrantha","Phragmites_australis","Phragmites_australis","42.16023333","0.25332893","325.7701962","42.16023333","0.25332893","325.7701962","0","1","0","1.30489680992878","0.317364095976514","1.61356006369427","0.452321979968964",NA,NA,NA,NA,NA,NA,NA,NA,NA,NA,NA,"325.7701962","42.16023333","0.25332893","720.2174792","132.845","0.157","2.29780932993736","0.746899398330058","2.75393753253806","4.74188451046877","2.91302723082181","1.29575804451021","2.24812590835423","1.77333209673872","0.576418878118856","2.12534858973539","3.65954472021911"
"46","Koeleria_macrantha","Poa_aitchisonii","Koeleria_macrantha","132.845","0.157","720.2174792","132.845","0.157","720.2174792","0","0","0","1.99510403959549","0.471029362880886","0.907514450867052","0.3034485322742",NA,NA,NA,NA,NA,NA,NA,NA,NA,NA,NA,"720.2174792","132.845","0.157","2373.44196","282.03125","0.173","0.579758387361628","0.451533955798455","2.02741612507647","1.8201072711743","1.29575804451021","0.649468909328313","1.99510403946864","0.892665343998099","0.695235675354246","3.12165231615666","2.80245481351321"
"47","Koeleria_macrantha","Psammochloa_villosa","Koeleria_macrantha","132.845","0.157","720.2174792","132.845","0.157","720.2174792","1","1","1","1.41044944023241","3.03914896050788","1.26612903225806","1.59371423310877",NA,NA,NA,NA,NA,NA,NA,NA,NA,NA,NA,"720.2174792","132.845","0.157","451.9113052","43.71125","0.124","1.20357455724802","1.55862867953945","0.579357609659598","0.760212397983923","1.29575804451021","0.918684504132631","1.41044944013025","1.31010651843352","1.69658753633928","0.630638273589467","0.827501056743818"
"48","Koeleria_macrantha","Stipa_inebrians","Koeleria_macrantha","132.845","0.157","720.2174792","132.845","0.157","720.2174792","0","1","0","3.42436974659758","0.919342560553633","1.24603174603175","0.353279015427725",NA,NA,NA,NA,NA,NA,NA,NA,NA,NA,NA,"720.2174792","132.845","0.157","2038.66476","144.5","0.126","0.487389355442944","0.363108494459775","1.05161613475456","1.34747788182307","1.29575804451021","0.378393146669225","3.42436974854332","1.28805016616487","0.959606424312936","2.77916274121591","3.56105255521706"
"49","Koeleria_macrantha","Stipa_sibirica","Koeleria_macrantha","132.845","0.157","720.2174792","132.845","0.157","720.2174792","1","1","0","3.21068389599533","4.59989612188366","1.18939393939394","0.79474091969199",NA,NA,NA,NA,NA,NA,NA,NA,NA,NA,NA,"720.2174792","132.845","0.157","906.2292646","28.88","0.132","0.493712254870778","0.850794743480061","0.507177705014125","0.620278950315988","1.29575804451021","0.403576959511724","3.21068389552741","1.22334103380953","2.10813507418613","1.2567062937085","1.53695332624153"
"50","Koeleria_macrantha","Stipa_splendens","Koeleria_macrantha","132.845","0.157","720.2174792","132.845","0.157","720.2174792","1","1","0","4.69632361653254","1.49170813185579","2.09333333333333","0.536956900548968",NA,NA,NA,NA,NA,NA,NA,NA,NA,NA,NA,"720.2174792","132.845","0.157","1341.294764","89.055625","0.075","0.582039580018926","0.310817562456055","0.473004639260585","1.07266119943997","1.29575804451021","0.255155872114999","5.0782999182798","2.2811137960274","1.21814779287529","1.85378700219528","4.20394479087872"
"51","Leymus_chinensis","Leymus_secalinus","Leymus_chinensis","157.015625","0.192","1262.477324","157.015625","0.192","1262.477324","0","1","0","1.0817597904874","0.769389786386954","1.46564885496183","0.631777099086914",NA,NA,NA,NA,NA,NA,NA,NA,NA,NA,NA,"1262.477324","157.015625","0.192","1998.295484","204.078125","0.131","0.745806659714129","0.420107622390875","0.748826747876478","1.1644109058692","1.03014910669121","0.477272254458778","2.1584097903604","1.56264407316086","0.880226366536376","1.56897188319828","2.43972050541599"
"52","Leymus_chinensis","Phragmites_australis","Phragmites_australis","42.16023333","0.25332893","325.7701962","42.16023333","0.25332893","325.7701962","0","1","0","2.14782211821769","0.268509795314957","1.31942151041667","0.258040433683069",NA,NA,NA,NA,NA,NA,NA,NA,NA,NA,NA,"325.7701962","42.16023333","0.25332893","1262.477324","157.015625","0.192","1.45299817898014","0.545250887213215","3.68781622997075","5.04371725395907","2.91302723082181","1.03014910669121","2.82777241847865","1.41047365817469","0.529293170931863","3.57988586896498","4.8961040893966"
"53","Leymus_chinensis","Poa_aitchisonii","Leymus_chinensis","157.015625","0.192","1262.477324","157.015625","0.192","1262.477324","0","1","0","1.21211383133745","0.556731301939058","1.10982658959538","0.531918346973187",NA,NA,NA,NA,NA,NA,NA,NA,NA,NA,NA,"1262.477324","157.015625","0.192","2373.44196","282.03125","0.173","0.735323110555688","0.489864217006461","1.19547755403192","1.34978061996401","1.03014910669121","0.649468909328313","1.58614075577012","1.13219139514494","0.754253529261445","1.840700204215","2.07828365696515"
"54","Leymus_chinensis","Psammochloa_villosa","Psammochloa_villosa","43.71125","0.124","451.9113052","43.71125","0.124","451.9113052","0","0","0","1.16698323830233","0.278387899293462","0.645833333333333","0.357955977987926",NA,NA,NA,NA,NA,NA,NA,NA,NA,NA,NA,"451.9113052","43.71125","0.124","1262.477324","157.015625","0.192","0.620865432597081","0.555029060459546","2.73694877561462","1.6822720400081","0.918684504132631","1.03014910669121","0.891797603051275","0.602694725029926","0.538785168918191","2.65684720574633","1.63303742058417"
"55","Leymus_chinensis","Stipa_inebrians","Leymus_chinensis","157.015625","0.192","1262.477324","157.015625","0.192","1262.477324","1","1","0","2.0804558815419","1.08661332179931","1.52380952380952","0.619266761642557",NA,NA,NA,NA,NA,NA,NA,NA,NA,NA,NA,"1262.477324","157.015625","0.192","2038.66476","144.5","0.126","0.61963436518223","0.394094576763427","0.607257727337879","0.990506691413877","1.03014910669121","0.378393146669225","2.72243066704303","1.63754119395795","1.04149501710698","1.60483278485146","2.61766551570168"
"56","Leymus_chinensis","Stipa_sibirica","Leymus_chinensis","157.015625","0.192","1262.477324","157.015625","0.192","1262.477324","1","1","1","1.95063228841811","5.43682912049861","1.45454545454545","1.39311030146135",NA,NA,NA,NA,NA,NA,NA,NA,NA,NA,NA,"1262.477324","157.015625","0.192","906.2292646","28.88","0.132","0.628905365278593","0.921306057318778","0.290089705165521","0.452399201536066","1.03014910669121","0.403576959511724","2.55254687467182","1.55832822081688","2.28285097948465","0.718796497987627","1.12097380901876"
"57","Leymus_chinensis","Stipa_splendens","Leymus_chinensis","157.015625","0.192","1262.477324","157.015625","0.192","1262.477324","1","1","0","2.85322404198529","1.76311855652015","2.56","0.9412377934251",NA,NA,NA,NA,NA,NA,NA,NA,NA,NA,NA,"1262.477324","157.015625","0.192","1341.294764","89.055625","0.075","0.740132031865688","0.337423509616813","0.270994860475662","0.785577292907243","1.03014910669121","0.255155872114999","4.03733254560145","2.90070546184455","1.32242110212826","1.06207573523342","3.0788133010444"
"58","Leymus_secalinus","Phragmites_australis","Phragmites_australis","42.16023333","0.25332893","325.7701962","42.16023333","0.25332893","325.7701962","0","1","0","2.32342760460738","0.206588694060179","1.9338086259542","0.163024036639418",NA,NA,NA,NA,NA,NA,NA,NA,NA,NA,NA,"325.7701962","42.16023333","0.25332893","1998.295484","204.078125","0.131","1.05417373267353","0.219571280114744","2.71618538813923","5.51769366236478","2.91302723082181","0.477272254458778","6.10349167295543","2.20874715180951","0.46005456647325","5.69106073685209","11.5608934121297"
"59","Leymus_secalinus","Poa_aitchisonii","Leymus_secalinus","204.078125","0.131","1998.295484","204.078125","0.131","1998.295484","0","0","0","1.12050183598645","0.723601108033241","0.757225433526012","0.841939898964287",NA,NA,NA,NA,NA,NA,NA,NA,NA,NA,NA,"1998.295484","204.078125","0.131","2373.44196","282.03125","0.173","0.471218275035934","0.556197813435721","0.767899247961511","0.55783867462582","0.477272254458778","0.649468909328313","0.734865437904299","0.725544007215485","0.856388666873903","1.18234951193535","0.858915132985722"
"60","Leymus_secalinus","Psammochloa_villosa","Psammochloa_villosa","43.71125","0.124","451.9113052","43.71125","0.124","451.9113052","0","0","0","1.26239554336824","0.214188806370109","0.946564885496183","0.226148389374031",NA,NA,NA,NA,NA,NA,NA,NA,NA,NA,NA,"451.9113052","43.71125","0.124","1998.295484","204.078125","0.131","0.448573997299527","0.223547590393866","2.00634510139873","1.89131331734188","0.918684504132631","0.477272254458778","1.92486467744581","0.939870258765002","0.468385891502047","4.20377485314731","3.96275563826062"
"61","Leymus_secalinus","Stipa_inebrians","Leymus_secalinus","204.078125","0.131","1998.295484","204.078125","0.131","1998.295484","1","1","0","1.92321428457285","1.4123053633218","1.03968253968254","0.980198178341004",NA,NA,NA,NA,NA,NA,NA,NA,NA,NA,NA,"1998.295484","204.078125","0.131","2038.66476","144.5","0.126","0.395489643688415","0.447816530570956","0.385958522778291","0.403393113797981","0.477272254458778","0.378393146669225","1.26131315712224","1.04518183579613","1.18346892514525","1.0199934279351","1.0660687630017"
"62","Leymus_secalinus","Stipa_sibirica","Leymus_secalinus","204.078125","0.131","1998.295484","204.078125","0.131","1998.295484","1","0","1","1.80320280488446","7.06641707063712","0.992424242424242","2.20506615936976",NA,NA,NA,NA,NA,NA,NA,NA,NA,NA,NA,"1998.295484","204.078125","0.131","906.2292646","28.88","0.132","0.400075482618551","1.04232153213314","0.18350628334699","0.181909992285355","0.477272254458778","0.403576959511724","1.1826053078853","0.991323892975929","2.582708223468","0.454699603190948","0.450744245918901"
"63","Leymus_secalinus","Stipa_splendens","Leymus_secalinus","204.078125","0.131","1998.295484","204.078125","0.131","1998.295484","1","1","1","2.63757635204736","2.29158040269775","1.74666666666667","1.48982575466164",NA,NA,NA,NA,NA,NA,NA,NA,NA,NA,NA,"1998.295484","204.078125","0.131","1341.294764","89.055625","0.075","0.472219636929275","0.383601180014212","0.171567621455876","0.317999082585764","0.477272254458778","0.255155872114999","1.8705125243744","1.85071044226819","1.50339938028674","0.67240318646694","1.24629341253193"
"64","Phragmites_australis","Poa_aitchisonii","Phragmites_australis","42.16023333","0.25332893","325.7701962","42.16023333","0.25332893","325.7701962","0","1","0","2.60340489674416","0.149487807929086","1.46432907514451","0.137256440936942",NA,NA,NA,NA,NA,NA,NA,NA,NA,NA,NA,"325.7701962","42.16023333","0.25332893","2373.44196","282.03125","0.173","1.03769951738015","0.256397609336985","4.10583278873127","6.07941737040917","2.91302723082181","0.649468909328313","4.48524508099163","1.59776627098802","0.394780420824384","6.32183116044395","9.36059799490104"
"65","Phragmites_australis","Psammochloa_villosa","Phragmites_australis","42.16023333","0.25332893","325.7701962","42.16023333","0.25332893","325.7701962","0","1","0","1.84049097512509","0.964516762389545","2.04297524193548","0.720871977424476",NA,NA,NA,NA,NA,NA,NA,NA,NA,NA,NA,"325.7701962","42.16023333","0.25332893","451.9113052","43.71125","0.124","2.16115989490606","0.902670963300246","1.2677768897494","2.96154375510351","2.91302723082181","0.918684504132631","3.17086792878054","2.35245058035076","0.982569053074968","1.37999159019926","3.22367879482155"
"66","Phragmites_australis","Stipa_inebrians","Phragmites_australis","42.16023333","0.25332893","325.7701962","42.16023333","0.25332893","325.7701962","0","1","0","4.46844915835179","0.291766320622837","2.01054706349206","0.159795863739755",NA,NA,NA,NA,NA,NA,NA,NA,NA,NA,NA,"325.7701962","42.16023333","0.25332893","2038.66476","144.5","0.126","0.878485486617883","0.205865338405918","2.24839838745165","4.89334598205498","2.91302723082181","0.378393146669225","7.69841435148469","2.32162102921441","0.544051445482116","5.94196382054749","12.9319096424665"
"67","Phragmites_australis","Stipa_sibirica","Phragmites_australis","42.16023333","0.25332893","325.7701962","42.16023333","0.25332893","325.7701962","1","1","0","4.189611173574","1.45984187430748","1.91915856060606","0.359478786357436",NA,NA,NA,NA,NA,NA,NA,NA,NA,NA,NA,"325.7701962","42.16023333","0.25332893","906.2292646","28.88","0.132","0.895069573022731","0.486538443193421","1.11310696359898","2.44334120551166","2.91302723082181","0.403576959511724","7.21802164907085","2.21784111289616","1.20556546087782","2.75810334897636","6.05421381950989"
"68","Phragmites_australis","Stipa_splendens","Phragmites_australis","42.16023333","0.25332893","325.7701962","42.16023333","0.25332893","325.7701962","0","1","0","6.12821770560649","0.473414602727228","3.37771906666667","0.242877408414307",NA,NA,NA,NA,NA,NA,NA,NA,NA,NA,NA,"325.7701962","42.16023333","0.25332893","1341.294764","89.055625","0.075","1.049780893126","0.176056748365018","1.03330638374421","4.04451073904186","2.91302723082181","0.255155872114999","11.416657616678","4.11427291257033","0.689996851358645","4.04970646052189","15.8511372108223"
"69","Poa_aitchisonii","Psammochloa_villosa","Psammochloa_villosa","43.71125","0.124","451.9113052","43.71125","0.124","451.9113052","0","0","0","1.41451652408522","0.154987257617729","0.716763005780347","0.190403352100508",NA,NA,NA,NA,NA,NA,NA,NA,NA,NA,NA,"451.9113052","43.71125","0.124","2373.44196","282.03125","0.173","0.442949921463751","0.261035717600587","3.09212209249758","2.17349854963926","0.918684504132631","0.649468909328313","1.41451652409773","0.682018669564729","0.401921806958478","4.76100094721315","3.34657828638344"
"70","Poa_aitchisonii","Stipa_inebrians","Poa_aitchisonii","282.03125","0.173","2373.44196","282.03125","0.173","2373.44196","1","1","1","1.71638655360142","1.95177335640138","1.37301587301587","1.16421395345059",NA,NA,NA,NA,NA,NA,NA,NA,NA,NA,NA,"2373.44196","282.03125","0.173","2038.66476","144.5","0.126","0.546572591885658","0.523596720515187","0.325484661496891","0.47044731258025","0.649468909328313","0.378393146669225","1.71638655468581","1.44445690070452","1.38373732485407","0.86017588944711","1.24327651470785"
"71","Poa_aitchisonii","Stipa_sibirica","Poa_aitchisonii","282.03125","0.173","2373.44196","282.03125","0.173","2373.44196","1","1","1","1.60928143709554","9.765625","1.31060606060606","2.61903036319139",NA,NA,NA,NA,NA,NA,NA,NA,NA,NA,NA,"2373.44196","282.03125","0.173","906.2292646","28.88","0.132","0.554149282870545","1.21002276304981","0.154554834304903","0.212455419516321","0.649468909328313","0.403576959511724","1.60928143696331","1.37309444905129","2.99824540160513","0.382962482525996","0.526430992922303"
"72","Poa_aitchisonii","Stipa_splendens","Poa_aitchisonii","282.03125","0.173","2373.44196","282.03125","0.173","2373.44196","1","1","1","2.35392416802722","3.16691112998196","2.30666666666667","1.76951556339632",NA,NA,NA,NA,NA,NA,NA,NA,NA,NA,NA,"2373.44196","282.03125","0.173","1341.294764","89.055625","0.075","0.652781498867725","0.448862625905781","0.144531876764335","0.371114919981811","0.649468909328313","0.255155872114999","2.54538100160045","2.55836361302128","1.75917027574219","0.566445426343919","1.45446356733091"
"73","Psammochloa_villosa","Stipa_inebrians","Psammochloa_villosa","43.71125","0.124","451.9113052","43.71125","0.124","451.9113052","0","0","0","2.4278571417869","0.3025","0.984126984126984","0.221670239299177",NA,NA,NA,NA,NA,NA,NA,NA,NA,NA,NA,"451.9113052","43.71125","0.124","2038.66476","144.5","0.126","0.371604816525886","0.209594967703959","1.64846269663014","1.61988617452997","0.918684504132631","0.378393146669225","2.42785714334226","0.982060113395044","0.55390793820898","4.35648137695039","4.28096065901005"
"74","Psammochloa_villosa","Stipa_sibirica","Psammochloa_villosa","43.71125","0.124","451.9113052","43.71125","0.124","451.9113052","1","0","0","2.27635518467524","1.51354743767313","0.939393939393939","0.498672160404651",NA,NA,NA,NA,NA,NA,NA,NA,NA,NA,NA,"451.9113052","43.71125","0.124","906.2292646","28.88","0.132","0.375780876532934","0.495279147982238","0.805398079494417","0.750176156053299","0.918684504132631","0.403576959511724","2.27635518450835","0.931125694062367","1.22722354760158","1.99564930681088","1.85881809744767"
"75","Psammochloa_villosa","Stipa_splendens","Psammochloa_villosa","43.71125","0.124","451.9113052","43.71125","0.124","451.9113052","0","1","0","3.32966463211805","0.490830871154966","1.65333333333333","0.336921694864679",NA,NA,NA,NA,NA,NA,NA,NA,NA,NA,NA,"451.9113052","43.71125","0.124","1341.294764","89.055625","0.075","0.443682916411584","0.179249178171333","0.749417645374413","1.29317593238105","0.918684504132631","0.255155872114999","3.60048348688828","1.73887009824181","0.702508536000085","2.93709738742227","5.06818017418866"
"76","Stipa_inebrians","Stipa_sibirica","Stipa_sibirica","28.88","0.132","906.2292646","28.88","0.132","906.2292646","0","1","0","1.06655462123468","0.199861591695502","1.04761904761905","0.444520983724661",NA,NA,NA,NA,NA,NA,NA,NA,NA,NA,NA,"906.2292646","28.88","0.132","2038.66476","144.5","0.126","0.398930669323907","0.170544278041251","0.840612781675684","0.885637567355048","0.403576959511724","0.378393146669225","1.06655462199614","1.05427562004086","0.450706572099556","2.22153278693103","2.34052221915434"
"77","Stipa_inebrians","Stipa_splendens","Stipa_inebrians","144.5","0.126","2038.66476","144.5","0.126","2038.66476","1","1","1","1.37144174375409","1.62258139224782","1.68","1.51992299881967",NA,NA,NA,NA,NA,NA,NA,NA,NA,NA,NA,"2038.66476","144.5","0.126","1341.294764","89.055625","0.075","0.451793131065009","0.32393914502348","0.16818226058919","0.298214556721192","0.378393146669225","0.255155872114999","1.48298819671562","1.77065543238364","1.26957354474476","0.659135371626447","1.16875443331669"
"78","Stipa_sibirica","Stipa_splendens","Stipa_sibirica","28.88","0.132","906.2292646","28.88","0.132","906.2292646","0","1","0","1.46271752955507","0.324291699710153","1.76","0.675637666621056",NA,NA,NA,NA,NA,NA,NA,NA,NA,NA,NA,"906.2292646","28.88","0.132","1341.294764","89.055625","0.075","0.47633103900781","0.145830265876165","0.376683616409943","0.701642460692866","0.403576959511724","0.255155872114999","1.58168791557277","1.86682373820943","0.571534037870149","1.47628825191282","2.74985817444419"
